oldUrl,finalUrl,statusCode
"https://www.eurowindowhcm.com/2026/07/kham-pha-quy-trinh-khat-khe-ang-sau-su.html","/tin-tuc/kham-pha-quy-trinh-khat-khe-ang-sau-su",301
"https://www.eurowindowhcm.com/2026/03/eurowindow-trung-thau-nhom-kinh-fpt-tower.html","/tin-tuc/eurowindow-trung-thau-nhom-kinh-fpt-tower",301
"https://www.eurowindowhcm.com/2025/08/6-cong-nghe-dot-pha-trong-nganh-cua.html","/tin-tuc/6-cong-nghe-dot-pha-trong-nganh-cua",301
"https://www.eurowindowhcm.com/2025/04/chao-he-ruc-ro-cung-eurowindow-co-hoi.html","/tin-tuc/chao-he-ruc-ro-cung-eurowindow-co-hoi",301
"https://www.eurowindowhcm.com/2025/02/-thiet-ke-cua-dan-au-xu-huong-2025.html","/tin-tuc/thiet-ke-cua-dan-dau-xu-huong-2025",301
"/tin-tuc/-thiet-ke-cua-dan-au-xu-huong-2025","/tin-tuc/thiet-ke-cua-dan-dau-xu-huong-2025",301
"/-thiet-ke-cua-dan-au-xu-huong-2025","/tin-tuc/thiet-ke-cua-dan-dau-xu-huong-2025",301
"/tin-tuc/thiet-ke-cua-dan-au-xu-huong-2025","/tin-tuc/thiet-ke-cua-dan-dau-xu-huong-2025",301
"https://www.eurowindowhcm.com/2024/10/4-tien-ich-cua-cua-thong-minh-he-moi.html","/tin-tuc/4-tien-ich-cua-cua-thong-minh-he-moi",301
"https://www.eurowindowhcm.com/2024/10/bat-trend-cua-nhom-len-ngoi-nam-2024.html","/tin-tuc/bat-trend-cua-nhom-len-ngoi-nam-2024",301
"https://www.eurowindowhcm.com/2024/10/mau-cua-eurowindow-thong-minh-hot-nhat.html","/tin-tuc/mau-cua-eurowindow-thong-minh-hot-nhat",301
"https://www.eurowindowhcm.com/2024/09/khuyen-mai-tri-khach-hang-ngan-qua-tang.html","/tin-tuc/khuyen-mai-tri-khach-hang-ngan-qua-tang",301
"https://www.eurowindowhcm.com/2024/08/cua-gap-truot-doc-tu-dong-eurowindow.html","/tin-tuc/cua-gap-truot-doc-tu-dong-eurowindow",301
"https://www.eurowindowhcm.com/2024/07/cua-nhom-eurowindow-son-anode-toan-mua.html","/tin-tuc/cua-nhom-eurowindow-son-anode-toan-mua",301
"https://www.eurowindowhcm.com/2024/06/khuyen-mai-nhan-dip-vietbuild-ho-chi.html","/tin-tuc/khuyen-mai-nhan-dip-vietbuild-ho-chi",301
"https://www.eurowindowhcm.com/2024/05/6-diem-cong-cua-rem-trong-hop-kinh.html","/tin-tuc/6-diem-cong-cua-rem-trong-hop-kinh",301
"https://www.eurowindowhcm.com/2024/05/bao-ve-ngoi-nha-cua-ban-mua-mua-bao-voi.html","/tin-tuc/bao-ve-ngoi-nha-cua-ban-mua-mua-bao-voi",301
"https://www.eurowindowhcm.com/2024/04/eurowindow-ky-ket-hop-tac-chien-luoc.html","/tin-tuc/eurowindow-ky-ket-hop-tac-chien-luoc",301
"https://www.eurowindowhcm.com/2024/04/eurowindow-uoc-vinh-danh-top-5-cong-ty.html","/tin-tuc/eurowindow-duoc-vinh-danh-top-5-cong-ty",301
"/tin-tuc/eurowindow-uoc-vinh-danh-top-5-cong-ty","/tin-tuc/eurowindow-duoc-vinh-danh-top-5-cong-ty",301
"/eurowindow-uoc-vinh-danh-top-5-cong-ty","/tin-tuc/eurowindow-duoc-vinh-danh-top-5-cong-ty",301
"https://www.eurowindowhcm.com/2024/03/khuyen-mai-on-tan-gia-nhan-qua-nghi.html","/tin-tuc/khuyen-mai-don-tan-gia-nhan-qua-nghi",301
"/tin-tuc/khuyen-mai-on-tan-gia-nhan-qua-nghi","/tin-tuc/khuyen-mai-don-tan-gia-nhan-qua-nghi",301
"/khuyen-mai-on-tan-gia-nhan-qua-nghi","/tin-tuc/khuyen-mai-don-tan-gia-nhan-qua-nghi",301
"https://www.eurowindowhcm.com/2024/02/eurowindow-ky-hop-ong-khai-xuan-2024.html","/tin-tuc/eurowindow-ky-hop-dong-khai-xuan-2024",301
"/tin-tuc/eurowindow-ky-hop-ong-khai-xuan-2024","/tin-tuc/eurowindow-ky-hop-dong-khai-xuan-2024",301
"/eurowindow-ky-hop-ong-khai-xuan-2024","/tin-tuc/eurowindow-ky-hop-dong-khai-xuan-2024",301
"https://www.eurowindowhcm.com/2024/01/tai-sao-cua-thong-minh-he-moi.html","/tin-tuc/tai-sao-cua-thong-minh-he-moi",301
"https://www.eurowindowhcm.com/2023/12/eurowindow-tham-du-trien-lam-tai.html","/tin-tuc/eurowindow-tham-du-trien-lam-tai",301
"https://www.eurowindowhcm.com/2023/11/cong-trinh-eurowindow-tai-my.html","/tin-tuc/cong-trinh-eurowindow-tai-my",301
"https://www.eurowindowhcm.com/2023/09/cua-go-chong-chay-eurowindow-la-chan.html","/tin-tuc/cua-go-chong-chay-eurowindow-la-chan",301
"https://www.eurowindowhcm.com/2023/08/eurowindow-khuyen-mai-cua-go-2023.html","/tin-tuc/eurowindow-khuyen-mai-cua-go-2023",301
"https://www.eurowindowhcm.com/2023/05/cong-thuc-lam-nen-do-ben-cua-nhom-ew.html","/tin-tuc/cong-thuc-lam-nen-do-ben-cua-nhom-ew",301
"https://www.eurowindowhcm.com/2023/02/eurowindow-tham-gia-ngay-hoi-ket-noi.html","/tin-tuc/eurowindow-tham-gia-ngay-hoi-ket-noi",301
"https://www.eurowindowhcm.com/2022/12/cong-trinh-eurowindow-tai-lam-dong.html","/tin-tuc/cong-trinh-eurowindow-tai-lam-dong",301
"https://www.eurowindowhcm.com/2022/11/eurowindow-12-nam-lien-tiep-dat-thuong-hieu-quoc-gia.html","/tin-tuc/eurowindow-12-nam-lien-tiep-dat-thuong-hieu-quoc-gia",301
"https://www.eurowindowhcm.com/2022/10/chuong-trinh-boc-tham-trung-thuong-ngan.html","/tin-tuc/chuong-trinh-boc-tham-trung-thuong-ngan",301
"https://www.eurowindowhcm.com/2022/09/video-ve-san-pham-eurowindow.html","/tin-tuc/video-ve-san-pham-eurowindow",301
"https://www.eurowindowhcm.com/2022/07/khuyen-mai-20-nam-thanh-lap-eurowindow.html","/tin-tuc/khuyen-mai-20-nam-thanh-lap-eurowindow",301
"https://www.eurowindowhcm.com/2022/06/vat-lieu-kinh-cao-cap-trong-thiet-ke.html","/tin-tuc/vat-lieu-kinh-cao-cap-trong-thiet-ke",301
"https://www.eurowindowhcm.com/2022/06/kham-pha-gian-hang-eurowindow-tai-trien.html","/tin-tuc/kham-pha-gian-hang-eurowindow-tai-trien",301
"https://www.eurowindowhcm.com/2022/06/cua-nhom-eurowindow-cach-nhiet-hieu-qua.html","/tin-tuc/cua-nhom-eurowindow-cach-nhiet-hieu-qua",301
"https://www.eurowindowhcm.com/2022/06/stelong-tham-nha-may-eurowindow-binh-duong.html.html","/tin-tuc/stelong-tham-nha-may-eurowindow-binh-duong",301
"/tin-tuc/stelong-tham-nha-may-eurowindow-binh-duong.html","/tin-tuc/stelong-tham-nha-may-eurowindow-binh-duong",301
"/stelong-tham-nha-may-eurowindow-binh-duong.html","/tin-tuc/stelong-tham-nha-may-eurowindow-binh-duong",301
"https://www.eurowindowhcm.com/2022/05/trien-lam-vietbuil-2022-tai-nang.html","/tin-tuc/trien-lam-vietbuil-2022-tai-nang",301
"https://www.eurowindowhcm.com/2022/05/uu-dai-dac-biet-cua-mat-nha-sang-dang-tay.html","/tin-tuc/uu-dai-dac-biet-cua-mat-nha-sang-dang-tay",301
"https://www.eurowindowhcm.com/2022/04/chuong-trinh-khuyen-mai-cua-go-2022.html","/tin-tuc/chuong-trinh-khuyen-mai-cua-go-2022",301
"https://www.eurowindowhcm.com/2022/04/eurowindow-dan-au-top-5-cong-ty-vat.html","/tin-tuc/eurowindow-dan-dau-top-5-cong-ty-vat",301
"/tin-tuc/eurowindow-dan-au-top-5-cong-ty-vat","/tin-tuc/eurowindow-dan-dau-top-5-cong-ty-vat",301
"/eurowindow-dan-au-top-5-cong-ty-vat","/tin-tuc/eurowindow-dan-dau-top-5-cong-ty-vat",301
"https://www.eurowindowhcm.com/2022/04/bi-mat-ang-sau-kha-nang-cach-nhiet-vuot.html","/tin-tuc/bi-mat-ang-sau-kha-nang-cach-nhiet-vuot",301
"https://www.eurowindowhcm.com/2022/04/cua-va-vach-nhom-kinh-5-iem-cong-sang.html","/tin-tuc/cua-va-vach-nhom-kinh-5-diem-cong-sang",301
"/tin-tuc/cua-va-vach-nhom-kinh-5-iem-cong-sang","/tin-tuc/cua-va-vach-nhom-kinh-5-diem-cong-sang",301
"/cua-va-vach-nhom-kinh-5-iem-cong-sang","/tin-tuc/cua-va-vach-nhom-kinh-5-diem-cong-sang",301
"https://www.eurowindowhcm.com/2022/01/cong-trinh-eurowindow-tai-quan-1.html","/tin-tuc/cong-trinh-eurowindow-tai-quan-1",301
"https://www.eurowindowhcm.com/2022/01/cong-trinh-eurowindow-tai-go-vap.html","/tin-tuc/cong-trinh-eurowindow-tai-go-vap",301
"https://www.eurowindowhcm.com/2022/01/eurowindow-showroom-thu-duc.html","/tin-tuc/eurowindow-showroom-thu-duc",301
"https://www.eurowindowhcm.com/2022/01/cong-trinh-eurowindow-tai-hoc-mon.html","/tin-tuc/cong-trinh-eurowindow-tai-hoc-mon",301
"https://www.eurowindowhcm.com/2022/01/cong-trinh-eurowindow-long-an.html","/tin-tuc/cong-trinh-eurowindow-long-an",301
"https://www.eurowindowhcm.com/2021/09/eurowindow-khuyen-mai-thang-10.html","/tin-tuc/eurowindow-khuyen-mai-thang-10",301
"https://www.eurowindowhcm.com/2021/06/eurowindow-mien-nam-khuyen-mai-len-den-15.html","/tin-tuc/eurowindow-mien-nam-khuyen-mai-len-den-15",301
"https://www.eurowindowhcm.com/2021/04/diem-noi-bat-cua-cua-go-eurowindow.html.html","/tin-tuc/diem-noi-bat-cua-cua-go-eurowindow",301
"/tin-tuc/diem-noi-bat-cua-cua-go-eurowindow.html","/tin-tuc/diem-noi-bat-cua-cua-go-eurowindow",301
"/diem-noi-bat-cua-cua-go-eurowindow.html","/tin-tuc/diem-noi-bat-cua-cua-go-eurowindow",301
"https://www.eurowindowhcm.com/2021/03/cua-nhom-cau-cach-nhiet-eurowindow.html","/tin-tuc/cua-nhom-cau-cach-nhiet-eurowindow",301
"https://www.eurowindowhcm.com/2021/03/tieu-chi-danh-gia-cua-nhom-chat-luong.html","/tin-tuc/tieu-chi-danh-gia-cua-nhom-chat-luong",301
"https://www.eurowindowhcm.com/2021/01/eurowindow-su-lua-chon-tin-cay-cua-chu.html","/tin-tuc/eurowindow-su-lua-chon-tin-cay-cua-chu",301
"https://www.eurowindowhcm.com/2020/12/cua-upvc-eurowindow.html","/tin-tuc/cua-upvc-eurowindow",301
"https://www.eurowindowhcm.com/2020/12/cua-cach-am-eurowindow.html","/tin-tuc/cua-cach-am-eurowindow",301
"https://www.eurowindowhcm.com/2020/12/cua-go-eurowindow.html","/tin-tuc/cua-go-eurowindow",301
"https://www.eurowindowhcm.com/2020/11/eurowindow-tu-hao-5-lan-lien-tiep-at.html","/tin-tuc/eurowindow-tu-hao-5-lan-lien-tiep-at",301
"https://www.eurowindowhcm.com/2020/11/iem-khac-biet-cua-cua-go-eurowindow-ma.html","/tin-tuc/iem-khac-biet-cua-cua-go-eurowindow-ma",301
"https://www.eurowindowhcm.com/2020/11/noi-that-eurowindow-manh-ghep-uong-ai.html","/tin-tuc/noi-that-eurowindow-manh-ghep-uong-ai",301
"https://www.eurowindowhcm.com/2020/09/cua-upvc-eurowindow-ang-cap-vuot-thoi.html","/tin-tuc/cua-upvc-eurowindow-dang-cap-vuot-thoi",301
"/tin-tuc/cua-upvc-eurowindow-ang-cap-vuot-thoi","/tin-tuc/cua-upvc-eurowindow-dang-cap-vuot-thoi",301
"/cua-upvc-eurowindow-ang-cap-vuot-thoi","/tin-tuc/cua-upvc-eurowindow-dang-cap-vuot-thoi",301
"https://www.eurowindowhcm.com/2020/09/eurowindow-hanh-trinh-moi-2020.html","/tin-tuc/eurowindow-hanh-trinh-moi-2020",301
"https://www.eurowindowhcm.com/2020/09/cua-va-vach-nhom-kinh-eurowindow.html","/tin-tuc/cua-va-vach-nhom-kinh-eurowindow",301
"https://www.eurowindowhcm.com/2020/08/cua-cuon-eurowindow-la-chan-thep.html","/tin-tuc/cua-cuon-eurowindow-la-chan-thep",301
"https://www.eurowindowhcm.com/2020/08/mat-dung-nhom-kinh-eurowindow-152-ien.html","/tin-tuc/mat-dung-nhom-kinh-eurowindow-152-ien",301
"https://www.eurowindowhcm.com/2020/08/xe-hop-go-cua-nhanh-tay-sam-noi-that.html","/tin-tuc/xe-hop-go-cua-nhanh-tay-sam-noi-that",301
"https://www.eurowindowhcm.com/2020/07/cua-nhom-ea55-eurowindow-kien-tao-tuyet.html","/tin-tuc/cua-nhom-ea55-eurowindow-kien-tao-tuyet",301
"https://www.eurowindowhcm.com/2020/06/Eurowindow-khuyen-mai-2020.html","/tin-tuc/eurowindow-khuyen-mai-2020",301
"/tin-tuc/Eurowindow-khuyen-mai-2020","/tin-tuc/eurowindow-khuyen-mai-2020",301
"/Eurowindow-khuyen-mai-2020","/tin-tuc/eurowindow-khuyen-mai-2020",301
"https://www.eurowindowhcm.com/2020/06/cua-go-eurowindow-phu-song-viet-nam.html","/tin-tuc/cua-go-eurowindow-phu-song-viet-nam",301
"https://www.eurowindowhcm.com/2020/06/noi-that-eurowindow-nang-tam-khong-gian.html","/tin-tuc/noi-that-eurowindow-nang-tam-khong-gian",301
"https://www.eurowindowhcm.com/2020/06/giai-ma-suc-hut-tu-cua-upvc-kommerling.html","/tin-tuc/giai-ma-suc-hut-tu-cua-upvc-kommerling",301
"https://www.eurowindowhcm.com/2020/05/eurowindow-kinh-nghiem-18-nam-thi-cong.html","/tin-tuc/eurowindow-kinh-nghiem-18-nam-thi-cong",301
"https://www.eurowindowhcm.com/2020/05/eurowindow-da-nang.html","/tin-tuc/eurowindow-da-nang",301
"https://www.eurowindowhcm.com/2020/05/cua-vom-nhom-kinh-eurowindow.html","/tin-tuc/cua-vom-nhom-kinh-eurowindow",301
"https://www.eurowindowhcm.com/2020/04/cong-trinh-eurowindow-quan-2.html","/tin-tuc/cong-trinh-eurowindow-quan-2",301
"https://www.eurowindowhcm.com/2020/03/cua-cuon-eurowindow-chinh-phuc-thi.html","/tin-tuc/cua-cuon-eurowindow-chinh-phuc-thi",301
"https://www.eurowindowhcm.com/2020/03/cua-go-composite-eurowindow-dep-sang.html","/tin-tuc/cua-go-composite-eurowindow-dep-sang",301
"https://www.eurowindowhcm.com/2020/03/cong-trinh-eurowindow-cu-chi.html","/tin-tuc/cong-trinh-eurowindow-cu-chi",301
"https://www.eurowindowhcm.com/2020/03/cong-trinh-cua-eurowindow-quan-10.html","/tin-tuc/cong-trinh-cua-eurowindow-quan-10",301
"https://www.eurowindowhcm.com/2020/02/cua-go-composite.html","/tin-tuc/cua-go-composite",301
"https://www.eurowindowhcm.com/2020/02/cua-di-upvc-mo-truot.html","/tin-tuc/cua-di-upvc-mo-truot",301
"https://www.eurowindowhcm.com/2020/02/cong-trinh-cua-eurowindow-vung-tau.html","/tin-tuc/cong-trinh-cua-eurowindow-vung-tau",301
"https://www.eurowindowhcm.com/2020/02/cua-nhom-eurowindow-tai-quan-tan-binh.html","/tin-tuc/cua-nhom-eurowindow-tai-quan-tan-binh",301
"https://www.eurowindowhcm.com/2020/01/vach-nhom-kinh-eurowindow-kien-tao-ve.html","/tin-tuc/vach-nhom-kinh-eurowindow-kien-tao-ve",301
"https://www.eurowindowhcm.com/2019/12/euroindow-quan-9.html","/tin-tuc/euroindow-quan-9",301
"https://www.eurowindowhcm.com/2019/12/eurowindow-chi-25-ty-nhap-khau-day.html","/tin-tuc/eurowindow-chi-25-ty-nhap-khau-day",301
"https://www.eurowindowhcm.com/2019/12/eurowindow-gan-ket-e-thanh-cong.html","/tin-tuc/eurowindow-gan-ket-e-thanh-cong",301
"https://www.eurowindowhcm.com/2019/12/eurowindow-at-top-10-cong-ty-vat-lieu.html","/tin-tuc/eurowindow-dat-top-10-cong-ty-vat-lieu",301
"/tin-tuc/eurowindow-at-top-10-cong-ty-vat-lieu","/tin-tuc/eurowindow-dat-top-10-cong-ty-vat-lieu",301
"/eurowindow-at-top-10-cong-ty-vat-lieu","/tin-tuc/eurowindow-dat-top-10-cong-ty-vat-lieu",301
"https://www.eurowindowhcm.com/2019/12/san-pham-eurowindow-lam-tang-gia-tri.html","/tin-tuc/san-pham-eurowindow-lam-tang-gia-tri",301
"https://www.eurowindowhcm.com/2019/12/bi-quyet-chon-cua-cho-ngoi-nha.html","/tin-tuc/bi-quyet-chon-cua-cho-ngoi-nha",301
"https://www.eurowindowhcm.com/2019/12/eurowindow-top-100-noi-lam-viec-tot.html","/tin-tuc/eurowindow-top-100-noi-lam-viec-tot",301
"https://www.eurowindowhcm.com/2019/12/thanh-cong-cua-eurowindow-gia-tri-cua.html","/tin-tuc/thanh-cong-cua-eurowindow-gia-tri-cua",301
"https://www.eurowindowhcm.com/2019/12/eurowindow-don-nhan-huan-chuong-lao-dong.html","/tin-tuc/eurowindow-don-nhan-huan-chuong-lao-dong",301
"https://www.eurowindowhcm.com/2019/12/eurowindow-lan-thu-4-lien-tiep-dat-thqg.html","/tin-tuc/eurowindow-lan-thu-4-lien-tiep-dat-thqg",301
"https://www.eurowindowhcm.com/2019/12/eurowindow-to-chuc-hoi-thao-kpis-toan.html","/tin-tuc/eurowindow-to-chuc-hoi-thao-kpis-toan",301
"https://www.eurowindowhcm.com/2019/12/khach-hang-can-biet-khi-lua-chon-cua.html","/tin-tuc/khach-hang-can-biet-khi-lua-chon-cua",301
"https://www.eurowindowhcm.com/2019/12/quy-inh-bao-hanh-2019.html","/tin-tuc/quy-inh-bao-hanh-2019",301
"https://www.eurowindowhcm.com/2019/12/eurowindow-uoc-cap-giay-chung-nhan-toan.html","/tin-tuc/eurowindow-duoc-cap-giay-chung-nhan-toan",301
"/tin-tuc/eurowindow-uoc-cap-giay-chung-nhan-toan","/tin-tuc/eurowindow-duoc-cap-giay-chung-nhan-toan",301
"/eurowindow-uoc-cap-giay-chung-nhan-toan","/tin-tuc/eurowindow-duoc-cap-giay-chung-nhan-toan",301
"https://www.eurowindowhcm.com/2019/12/eurowindow-tai-vietbuild-ho-chi-minh.html","/tin-tuc/eurowindow-tai-vietbuild-ho-chi-minh",301
"https://www.eurowindowhcm.com/2019/12/eurowindow-moi-truong-tot-nhat-cho-su.html","/tin-tuc/eurowindow-moi-truong-tot-nhat-cho-su",301
"https://www.eurowindowhcm.com/2019/12/eurowindow-gia-nhap-noi-that.html","/tin-tuc/eurowindow-gia-nhap-noi-that",301
"https://www.eurowindowhcm.com/2019/12/cua-truot-tu-dong-2-canh.html","/tin-tuc/cua-truot-tu-dong-2-canh",301
"https://www.eurowindowhcm.com/2019/12/tinh-uu-viet-cua-cua-chong-chay.html","/tin-tuc/tinh-uu-viet-cua-cua-chong-chay",301
"https://www.eurowindowhcm.com/2019/12/chi-tiet-cau-thanh-cua-chong-chay.html","/tin-tuc/chi-tiet-cau-thanh-cua-chong-chay",301
"https://www.eurowindowhcm.com/2019/12/cua-chong-chay.html","/tin-tuc/cua-chong-chay",301
"https://www.eurowindowhcm.com/2019/12/mot-so-it-thanh-tich-at-uoc.html","/tin-tuc/mot-so-it-thanh-tich-at-uoc",301
"https://www.eurowindowhcm.com/2019/12/cai-tao-khong-gian-nha-pho-hien-ai-voi.html","/tin-tuc/cai-tao-khong-gian-nha-pho-hien-ai-voi",301
"https://www.eurowindowhcm.com/2019/11/cua-ep-nha-sang-khang-trang-on-tet.html","/tin-tuc/cua-ep-nha-sang-khang-trang-on-tet",301
"https://www.eurowindowhcm.com/2019/11/cua-nhua-upvc-eurowindow-giai-phap-cho.html","/tin-tuc/cua-nhua-upvc-eurowindow-giai-phap-cho",301
"https://www.eurowindowhcm.com/2019/11/eurowindow-tham-du-trien-lam-myanbuild.html","/tin-tuc/eurowindow-tham-du-trien-lam-myanbuild",301
"https://www.eurowindowhcm.com/2019/11/tinh-uu-viet-cua-cua-go.html","/tin-tuc/tinh-uu-viet-cua-cua-go",301
"https://www.eurowindowhcm.com/2019/11/san-go.html","/tin-tuc/san-go",301
"https://www.eurowindowhcm.com/2019/11/cua-nhom-eurowindow-ea55.html","/tin-tuc/cua-nhom-eurowindow-ea55",301
"https://www.eurowindowhcm.com/2019/11/he-thong-showroom.html","/tin-tuc/he-thong-showroom",301
"https://www.eurowindowhcm.com/2019/11/co-hoi-phat-trien-su-nghiep-tai.html","/tin-tuc/co-hoi-phat-trien-su-nghiep-tai",301
"https://www.eurowindowhcm.com/2019/11/bao-gia-cua-eurowindow.html","/tin-tuc/bao-gia-cua-eurowindow",301
"https://www.eurowindowhcm.com/2019/11/mua-cua-eurowindow-o-au.html","/tin-tuc/mua-cua-eurowindow-o-au",301
"https://www.eurowindowhcm.com/2019/11/vi-sao-nen-chon-cua-eurowindow-cho-cong.html","/tin-tuc/vi-sao-nen-chon-cua-eurowindow-cho-cong",301
"https://www.eurowindowhcm.com/2019/11/cap-nhat-cong-trinh.html","/tin-tuc/cap-nhat-cong-trinh",301
"https://www.eurowindowhcm.com/2019/11/video.html","/tin-tuc/video",301
"https://www.eurowindowhcm.com/2019/10/tong-quan-ve-eurowindow.html","/tin-tuc/tong-quan-ve-eurowindow",301
"https://www.eurowindowhcm.com/2019/10/gioi-thieu-ve-cong-ty-co-phan-eurowindow.html","/tin-tuc/gioi-thieu-ve-cong-ty-co-phan-eurowindow",301
"https://www.eurowindowhcm.com/2019/10/catalogue-eurowindow.html","/tin-tuc/catalogue-eurowindow",301
"https://www.eurowindowhcm.com/2019/10/eurowindow-khuyen-mai-cuoi-nam-2019.html","/tin-tuc/eurowindow-khuyen-mai-cuoi-nam-2019",301
"https://www.eurowindowhcm.com/2019/06/lien-he.html","/tin-tuc/lien-he",301
"https://www.eurowindowhcm.com/2019/06/nha-may.html","/tin-tuc/nha-may",301
"https://www.eurowindowhcm.com/2019/06/tam-nhin-su-menh-gia-tri-cot-loi.html","/tin-tuc/tam-nhin-su-menh-gia-tri-cot-loi",301
"https://www.eurowindowhcm.com/2019/06/mau-cua-eurowindow.html","/tin-tuc/mau-cua-eurowindow",301
"https://www.eurowindowhcm.com/2019/06/eurowindow-bung-no-san-pham-moi.html","/tin-tuc/eurowindow-bung-no-san-pham-moi",301
"https://www.eurowindowhcm.com/2019/06/cong-khai-ban-phu-kien-kin-long-gia.html","/tin-tuc/cong-khai-ban-phu-kien-kin-long-gia",301
"https://www.eurowindowhcm.com/2019/05/kinh-cach-nhiet-toan-act.html","/tin-tuc/kinh-cach-nhiet-toan-act",301
"https://www.eurowindowhcm.com/2019/05/uu-diem-cua-cua-cuon-eurowindow.html","/tin-tuc/uu-diem-cua-cua-cuon-eurowindow",301
"https://www.eurowindowhcm.com/2019/05/cua-go-mdf-va-hdf.html","/tin-tuc/cua-go-mdf-va-hdf",301
"https://www.eurowindowhcm.com/2019/05/cua-nhom-technal.html","/tin-tuc/cua-nhom-technal",301
"https://www.eurowindowhcm.com/2019/05/cua-nhom-op-go.html","/tin-tuc/cua-nhom-op-go",301
"https://www.eurowindowhcm.com/2019/05/tinh-uu-viet.html","/tin-tuc/tinh-uu-viet",301
"https://www.eurowindowhcm.com/2019/05/kinh-hop.html","/tin-tuc/kinh-hop",301
"https://www.eurowindowhcm.com/2019/05/kinh-cuong-luc-va-kinh-ban-cuong-luc.html","/tin-tuc/kinh-cuong-luc-va-kinh-ban-cuong-luc",301
"https://www.eurowindowhcm.com/2019/05/gioi-thieu-san-pham-kinh.html","/tin-tuc/gioi-thieu-san-pham-kinh",301
"https://www.eurowindowhcm.com/2019/05/cua-tu-dong.html","/tin-tuc/cua-tu-dong",301
"https://www.eurowindowhcm.com/2019/05/cua-cuon.html","/tin-tuc/cua-cuon",301
"https://www.eurowindowhcm.com/2019/05/gioi-thieu-cua-cuon-cua-tu-dong.html","/tin-tuc/gioi-thieu-cua-cuon-cua-tu-dong",301
"https://www.eurowindowhcm.com/2019/05/cua-go-ghep-thanh.html","/tin-tuc/cua-go-ghep-thanh",301
"https://www.eurowindowhcm.com/2019/05/cua-go-tu-nhien.html","/tin-tuc/cua-go-tu-nhien",301
"https://www.eurowindowhcm.com/2019/05/gioi-thieu-ve-cua-go-eurowindow.html","/tin-tuc/gioi-thieu-ve-cua-go-eurowindow",301
"https://www.eurowindowhcm.com/2019/05/he-vach-nhom-kinh-lon.html","/tin-tuc/he-vach-nhom-kinh-lon",301
"https://www.eurowindowhcm.com/2019/05/cua-nhom-eurowindow.html","/tin-tuc/cua-nhom-eurowindow",301
"https://www.eurowindowhcm.com/2019/05/gioi-thieu-ve-cua-nhom-eurowindow.html","/tin-tuc/gioi-thieu-ve-cua-nhom-eurowindow",301
"https://www.eurowindowhcm.com/2019/05/cua-so-mo-quay-ra-ngoai.html","/tin-tuc/cua-so-mo-quay-ra-ngoai",301
"https://www.eurowindowhcm.com/2019/05/cua-nhom-mo-truot.html","/tin-tuc/cua-nhom-mo-truot",301
"https://www.eurowindowhcm.com/2019/05/cua-di-xep-truot.html","/tin-tuc/cua-di-xep-truot",301
"https://www.eurowindowhcm.com/2019/05/cua-di-hai-canh-mo-quay.html","/tin-tuc/cua-di-hai-canh-mo-quay",301
"https://www.eurowindowhcm.com/2019/05/gioi-thieu-ve-cua-nhua-upvc.html","/tin-tuc/gioi-thieu-ve-cua-nhua-upvc",301
"https://www.eurowindowhcm.com/2019/05/cua-eurowindow.html","/tin-tuc/cua-eurowindow",301
"https://www.eurowindowhcm.com/tin-tuc//2026/06/cua-i-nhom-kinh-eurowindow-tron-goi-bao_01650492833.html","/tin-tuc/cua-di-nhom-kinh-eurowindow-tron-goi-bao",301
"/tin-tuc//2026/06/cua-i-nhom-kinh-eurowindow-tron-goi-bao_01650492833.html","/tin-tuc/cua-di-nhom-kinh-eurowindow-tron-goi-bao",301
"/tin-tuc/cua-i-nhom-kinh-eurowindow-tron-goi-bao_01650492833","/tin-tuc/cua-di-nhom-kinh-eurowindow-tron-goi-bao",301
"https://www.eurowindowhcm.com/tin-tuc//2026/06/vach-kinh-mat-dung-eurowindow-chinh.html","/tin-tuc/vach-kinh-mat-dung-eurowindow-chinh",301
"/tin-tuc//2026/06/vach-kinh-mat-dung-eurowindow-chinh.html","/tin-tuc/vach-kinh-mat-dung-eurowindow-chinh",301
"https://www.eurowindowhcm.com/tin-tuc//2026/06/xu-huong-thiet-ke-cua-nhom-cau-cach.html","/tin-tuc/xu-huong-thiet-ke-cua-nhom-cau-cach",301
"/tin-tuc//2026/06/xu-huong-thiet-ke-cua-nhom-cau-cach.html","/tin-tuc/xu-huong-thiet-ke-cua-nhom-cau-cach",301
"https://www.eurowindowhcm.com/tin-tuc//2020/11/eurowindow-tu-hao-5-lan-lien-tiep-at.html","/tin-tuc/eurowindow-tu-hao-5-lan-lien-tiep-at-2",301
"/tin-tuc//2020/11/eurowindow-tu-hao-5-lan-lien-tiep-at.html","/tin-tuc/eurowindow-tu-hao-5-lan-lien-tiep-at-2",301
"https://www.eurowindowhcm.com/tin-tuc//2026/06/mat-dung-kinh-eurowindow-cao-cap-giai_0686516966.html","/tin-tuc/mat-dung-kinh-eurowindow-cao-cap-giai",301
"/tin-tuc//2026/06/mat-dung-kinh-eurowindow-cao-cap-giai_0686516966.html","/tin-tuc/mat-dung-kinh-eurowindow-cao-cap-giai",301
"/tin-tuc/mat-dung-kinh-eurowindow-cao-cap-giai_0686516966","/tin-tuc/mat-dung-kinh-eurowindow-cao-cap-giai",301
"https://www.eurowindowhcm.com/tin-tuc//p/anh-du-an.html","/tin-tuc/anh-du-an",301
"/tin-tuc//p/anh-du-an.html","/tin-tuc/anh-du-an",301
"https://www.eurowindowhcm.com/tin-tuc//2026/06/cua-nhom-schuco-aws-75si-tieu-chuan.html","/tin-tuc/cua-nhom-schuco-aws-75si-tieu-chuan",301
"/tin-tuc//2026/06/cua-nhom-schuco-aws-75si-tieu-chuan.html","/tin-tuc/cua-nhom-schuco-aws-75si-tieu-chuan",301
"https://www.eurowindowhcm.com/tin-tuc//2026/06/cua-so-upvc-eurowindow-chinh-hang-bang.html","/tin-tuc/cua-so-upvc-eurowindow-chinh-hang-bang",301
"/tin-tuc//2026/06/cua-so-upvc-eurowindow-chinh-hang-bang.html","/tin-tuc/cua-so-upvc-eurowindow-chinh-hang-bang",301
"https://www.eurowindowhcm.com/tin-tuc//2026/06/mat-dung-kinh-technal-phap-tieu-chuan_01655512993.html","/tin-tuc/mat-dung-kinh-technal-phap-tieu-chuan",301
"/tin-tuc//2026/06/mat-dung-kinh-technal-phap-tieu-chuan_01655512993.html","/tin-tuc/mat-dung-kinh-technal-phap-tieu-chuan",301
"/tin-tuc/mat-dung-kinh-technal-phap-tieu-chuan_01655512993","/tin-tuc/mat-dung-kinh-technal-phap-tieu-chuan",301
"https://www.eurowindowhcm.com/tin-tuc//2026/06/vach-kinh-eurowindow-chinh-hang-chiu-ap.html","/tin-tuc/vach-kinh-eurowindow-chinh-hang-chiu-ap",301
"/tin-tuc//2026/06/vach-kinh-eurowindow-chinh-hang-chiu-ap.html","/tin-tuc/vach-kinh-eurowindow-chinh-hang-chiu-ap",301
"https://www.eurowindowhcm.com/tin-tuc//2026/06/cua-so-nhom-kinh-eurowindow-tron-goi_0978287397.html","/tin-tuc/cua-so-nhom-kinh-eurowindow-tron-goi",301
"/tin-tuc//2026/06/cua-so-nhom-kinh-eurowindow-tron-goi_0978287397.html","/tin-tuc/cua-so-nhom-kinh-eurowindow-tron-goi",301
"/tin-tuc/cua-so-nhom-kinh-eurowindow-tron-goi_0978287397","/tin-tuc/cua-so-nhom-kinh-eurowindow-tron-goi",301
"https://www.eurowindowhcm.com/tin-tuc//2020/02/cong-trinh-cua-eurowindow-vung-tau.html","/tin-tuc/cong-trinh-cua-eurowindow-vung-tau-2",301
"/tin-tuc//2020/02/cong-trinh-cua-eurowindow-vung-tau.html","/tin-tuc/cong-trinh-cua-eurowindow-vung-tau-2",301
"https://www.eurowindowhcm.com/tin-tuc//2026/06/cua-i-mo-quay-eurowindow-cao-cap-ang.html","/tin-tuc/cua-di-mo-quay-eurowindow-cao-cap-ang",301
"/tin-tuc//2026/06/cua-i-mo-quay-eurowindow-cao-cap-ang.html","/tin-tuc/cua-di-mo-quay-eurowindow-cao-cap-ang",301
"/tin-tuc/cua-i-mo-quay-eurowindow-cao-cap-ang","/tin-tuc/cua-di-mo-quay-eurowindow-cao-cap-ang",301
"https://www.eurowindowhcm.com/tin-tuc//p/banner-eurowindow.html","/tin-tuc/banner-eurowindow",301
"/tin-tuc//p/banner-eurowindow.html","/tin-tuc/banner-eurowindow",301
"https://www.eurowindowhcm.com/tin-tuc//2026/06/bao-gia-cua-nhom-eurowindow-chinh-hang_0775426205.html","/tin-tuc/bao-gia-cua-nhom-eurowindow-chinh-hang",301
"/tin-tuc//2026/06/bao-gia-cua-nhom-eurowindow-chinh-hang_0775426205.html","/tin-tuc/bao-gia-cua-nhom-eurowindow-chinh-hang",301
"/tin-tuc/bao-gia-cua-nhom-eurowindow-chinh-hang_0775426205","/tin-tuc/bao-gia-cua-nhom-eurowindow-chinh-hang",301
"https://www.eurowindowhcm.com/tin-tuc//2026/06/he-cua-nhom-ea95-eurowindow-tron-goi_0764677688.html","/tin-tuc/he-cua-nhom-ea95-eurowindow-tron-goi",301
"/tin-tuc//2026/06/he-cua-nhom-ea95-eurowindow-tron-goi_0764677688.html","/tin-tuc/he-cua-nhom-ea95-eurowindow-tron-goi",301
"/tin-tuc/he-cua-nhom-ea95-eurowindow-tron-goi_0764677688","/tin-tuc/he-cua-nhom-ea95-eurowindow-tron-goi",301
"https://www.eurowindowhcm.com/tin-tuc//2026/06/xu-huong-thiet-ke-cua-nhom-kinh_01063247694.html","/tin-tuc/xu-huong-thiet-ke-cua-nhom-kinh",301
"/tin-tuc//2026/06/xu-huong-thiet-ke-cua-nhom-kinh_01063247694.html","/tin-tuc/xu-huong-thiet-ke-cua-nhom-kinh",301
"/tin-tuc/xu-huong-thiet-ke-cua-nhom-kinh_01063247694","/tin-tuc/xu-huong-thiet-ke-cua-nhom-kinh",301
"https://www.eurowindowhcm.com/tin-tuc//2026/06/cua-nhom-technal-nhap-khau-phap-ang-cap.html","/tin-tuc/cua-nhom-technal-nhap-khau-phap-dang-cap",301
"/tin-tuc//2026/06/cua-nhom-technal-nhap-khau-phap-ang-cap.html","/tin-tuc/cua-nhom-technal-nhap-khau-phap-dang-cap",301
"/tin-tuc/cua-nhom-technal-nhap-khau-phap-ang-cap","/tin-tuc/cua-nhom-technal-nhap-khau-phap-dang-cap",301
"https://www.eurowindowhcm.com/tin-tuc//2026/06/cua-i-mo-truot-eurowindow-cach-am-cach_0133019198.html","/tin-tuc/cua-di-mo-truot-eurowindow-cach-am-cach",301
"/tin-tuc//2026/06/cua-i-mo-truot-eurowindow-cach-am-cach_0133019198.html","/tin-tuc/cua-di-mo-truot-eurowindow-cach-am-cach",301
"/tin-tuc/cua-i-mo-truot-eurowindow-cach-am-cach_0133019198","/tin-tuc/cua-di-mo-truot-eurowindow-cach-am-cach",301
"https://www.eurowindowhcm.com/tin-tuc//p/lien-he.html","/tin-tuc/lien-he-2",301
"/tin-tuc//p/lien-he.html","/tin-tuc/lien-he-2",301
"https://www.eurowindowhcm.com/tin-tuc//2026/06/cua-nhom-schuco-nhap-khau-uc-chinh-hang.html","/tin-tuc/cua-nhom-schuco-nhap-khau-uc-chinh-hang",301
"/tin-tuc//2026/06/cua-nhom-schuco-nhap-khau-uc-chinh-hang.html","/tin-tuc/cua-nhom-schuco-nhap-khau-uc-chinh-hang",301
"https://www.eurowindowhcm.com/tin-tuc//p/hinh-anh-cua-eurowindow.html","/tin-tuc/hinh-anh-cua-eurowindow",301
"/tin-tuc//p/hinh-anh-cua-eurowindow.html","/tin-tuc/hinh-anh-cua-eurowindow",301
"https://www.eurowindowhcm.com/tin-tuc//p/anh-baner.html","/tin-tuc/anh-baner",301
"/tin-tuc//p/anh-baner.html","/tin-tuc/anh-baner",301
"https://www.eurowindowhcm.com/tin-tuc//2026/06/cua-i-truot-panorama-technal-tieu-chuan.html","/tin-tuc/cua-di-truot-panorama-technal-tieu-chuan",301
"/tin-tuc//2026/06/cua-i-truot-panorama-technal-tieu-chuan.html","/tin-tuc/cua-di-truot-panorama-technal-tieu-chuan",301
"/tin-tuc/cua-i-truot-panorama-technal-tieu-chuan","/tin-tuc/cua-di-truot-panorama-technal-tieu-chuan",301
"https://www.eurowindowhcm.com/tin-tuc//2026/06/bao-gia-cua-nhua-upvc-eurowindow-loi_02079241949.html","/tin-tuc/bao-gia-cua-nhua-upvc-eurowindow-loi",301
"/tin-tuc//2026/06/bao-gia-cua-nhua-upvc-eurowindow-loi_02079241949.html","/tin-tuc/bao-gia-cua-nhua-upvc-eurowindow-loi",301
"/tin-tuc/bao-gia-cua-nhua-upvc-eurowindow-loi_02079241949","/tin-tuc/bao-gia-cua-nhua-upvc-eurowindow-loi",301
"https://www.eurowindowhcm.com/tin-tuc//2026/06/cua-nhua-upvc-eurowindow-giai-phap-cach.html","/tin-tuc/cua-nhua-upvc-eurowindow-giai-phap-cach",301
"/tin-tuc//2026/06/cua-nhua-upvc-eurowindow-giai-phap-cach.html","/tin-tuc/cua-nhua-upvc-eurowindow-giai-phap-cach",301
"https://www.eurowindowhcm.com/tin-tuc//2022/01/cua-so-nhom-mo-truot.html","/tin-tuc/cua-so-nhom-mo-truot",301
"/tin-tuc//2022/01/cua-so-nhom-mo-truot.html","/tin-tuc/cua-so-nhom-mo-truot",301
"https://www.eurowindowhcm.com/tin-tuc//2022/01/cong-trinh-eurowindow-tai-binh-phuoc.html","/tin-tuc/cong-trinh-eurowindow-tai-binh-phuoc",301
"/tin-tuc//2022/01/cong-trinh-eurowindow-tai-binh-phuoc.html","/tin-tuc/cong-trinh-eurowindow-tai-binh-phuoc",301
"https://www.eurowindowhcm.com/tin-tuc//2022/01/cong-trinh-eurowindow-tai-thu-duc.html","/tin-tuc/cong-trinh-eurowindow-tai-thu-duc",301
"/tin-tuc//2022/01/cong-trinh-eurowindow-tai-thu-duc.html","/tin-tuc/cong-trinh-eurowindow-tai-thu-duc",301
"https://www.eurowindowhcm.com/tin-tuc//2022/12/cua-nhom-eurowindow-cho-kien-truc-nha.html","/tin-tuc/cua-nhom-eurowindow-cho-kien-truc-nha",301
"/tin-tuc//2022/12/cua-nhom-eurowindow-cho-kien-truc-nha.html","/tin-tuc/cua-nhom-eurowindow-cho-kien-truc-nha",301
"https://www.eurowindowhcm.com/tin-tuc//2026/07/sieu-pham-cua-nhom-eurowindow-he-moi.html","/tin-tuc/sieu-pham-cua-nhom-eurowindow-he-moi",301
"/tin-tuc//2026/07/sieu-pham-cua-nhom-eurowindow-he-moi.html","/tin-tuc/sieu-pham-cua-nhom-eurowindow-he-moi",301
"https://www.eurowindowhcm.com/tin-tuc//2024/06/san-pham-eurowindow-noi-bat-tai.html","/tin-tuc/san-pham-eurowindow-noi-bat-tai",301
"/tin-tuc//2024/06/san-pham-eurowindow-noi-bat-tai.html","/tin-tuc/san-pham-eurowindow-noi-bat-tai",301
"https://www.eurowindowhcm.com/tin-tuc//2022/07/eurowindow-khuyen-mai-20-nam-thanh-lap.html","/tin-tuc/eurowindow-khuyen-mai-20-nam-thanh-lap",301
"/tin-tuc//2022/07/eurowindow-khuyen-mai-20-nam-thanh-lap.html","/tin-tuc/eurowindow-khuyen-mai-20-nam-thanh-lap",301
"https://www.eurowindowhcm.com/tin-tuc//2024/02/eurowindow-chi-nhanh-mien-nam-khai-xuan.html","/tin-tuc/eurowindow-chi-nhanh-mien-nam-khai-xuan",301
"/tin-tuc//2024/02/eurowindow-chi-nhanh-mien-nam-khai-xuan.html","/tin-tuc/eurowindow-chi-nhanh-mien-nam-khai-xuan",301
"https://www.eurowindowhcm.com/tin-tuc//2022/06/eurowindow-va-stelong-ky-ket-hop-tac.html","/tin-tuc/eurowindow-va-stelong-ky-ket-hop-tac",301
"/tin-tuc//2022/06/eurowindow-va-stelong-ky-ket-hop-tac.html","/tin-tuc/eurowindow-va-stelong-ky-ket-hop-tac",301
"https://www.eurowindowhcm.com/tin-tuc//2022/01/cua-i-nhom-mo-quay.html","/tin-tuc/cua-di-nhom-mo-quay",301
"/tin-tuc//2022/01/cua-i-nhom-mo-quay.html","/tin-tuc/cua-di-nhom-mo-quay",301
"/tin-tuc/cua-i-nhom-mo-quay","/tin-tuc/cua-di-nhom-mo-quay",301
"https://www.eurowindowhcm.com/tin-tuc//2022/12/eurowindow-chinh-phuc-kien-truc-mat.html","/tin-tuc/eurowindow-chinh-phuc-kien-truc-mat",301
"/tin-tuc//2022/12/eurowindow-chinh-phuc-kien-truc-mat.html","/tin-tuc/eurowindow-chinh-phuc-kien-truc-mat",301
"https://www.eurowindowhcm.com/tin-tuc//p/anh-cua-ep.html","/tin-tuc/anh-cua-dep",301
"/tin-tuc//p/anh-cua-ep.html","/tin-tuc/anh-cua-dep",301
"/tin-tuc/anh-cua-ep","/tin-tuc/anh-cua-dep",301
"https://www.eurowindowhcm.com/tin-tuc//2022/01/kinh-an-toan-va-tiet-kiem-dien-nang.html","/tin-tuc/kinh-an-toan-va-tiet-kiem-dien-nang",301
"/tin-tuc//2022/01/kinh-an-toan-va-tiet-kiem-dien-nang.html","/tin-tuc/kinh-an-toan-va-tiet-kiem-dien-nang",301
"https://www.eurowindowhcm.com/tin-tuc//2024/06/cua-go-eurowindow-uu-ai-ngap-tran.html","/tin-tuc/cua-go-eurowindow-uu-ai-ngap-tran",301
"/tin-tuc//2024/06/cua-go-eurowindow-uu-ai-ngap-tran.html","/tin-tuc/cua-go-eurowindow-uu-ai-ngap-tran",301
"https://www.eurowindowhcm.com/tin-tuc//2022/12/eurowindow-ong-hanh-cung-giai-door.html","/tin-tuc/eurowindow-ong-hanh-cung-giai-door",301
"/tin-tuc//2022/12/eurowindow-ong-hanh-cung-giai-door.html","/tin-tuc/eurowindow-ong-hanh-cung-giai-door",301
"https://www.eurowindowhcm.com/tin-tuc//2022/01/-san-pham-cua-nhom-eurowindow.html","/tin-tuc/san-pham-cua-nhom-eurowindow",301
"/tin-tuc//2022/01/-san-pham-cua-nhom-eurowindow.html","/tin-tuc/san-pham-cua-nhom-eurowindow",301
"https://www.eurowindowhcm.com/tin-tuc//2024/08/mai-kinh-ngoai-troi-skylight-eurowindow.html","/tin-tuc/mai-kinh-ngoai-troi-skylight-eurowindow",301
"/tin-tuc//2024/08/mai-kinh-ngoai-troi-skylight-eurowindow.html","/tin-tuc/mai-kinh-ngoai-troi-skylight-eurowindow",301
"https://www.eurowindowhcm.com/tin-tuc//2022/11/le-trao-thuong-chuong-trinh-khuyen-mai.html","/tin-tuc/le-trao-thuong-chuong-trinh-khuyen-mai",301
"/tin-tuc//2022/11/le-trao-thuong-chuong-trinh-khuyen-mai.html","/tin-tuc/le-trao-thuong-chuong-trinh-khuyen-mai",301
"https://www.eurowindowhcm.com/tin-tuc//2022/05/eurowindow-khuyen-mai-thang-5-2022.html","/tin-tuc/eurowindow-khuyen-mai-thang-5-2022",301
"/tin-tuc//2022/05/eurowindow-khuyen-mai-thang-5-2022.html","/tin-tuc/eurowindow-khuyen-mai-thang-5-2022",301
"https://www.eurowindowhcm.com/tin-tuc//2022/07/kien-truc-da-lat-cung-cua-eurowindow.html","/tin-tuc/kien-truc-da-lat-cung-cua-eurowindow",301
"/tin-tuc//2022/07/kien-truc-da-lat-cung-cua-eurowindow.html","/tin-tuc/kien-truc-da-lat-cung-cua-eurowindow",301
"https://www.eurowindowhcm.com/tin-tuc//2022/01/hop-kinh-va-hop-kinh-kho-lon.html","/tin-tuc/hop-kinh-va-hop-kinh-kho-lon",301
"/tin-tuc//2022/01/hop-kinh-va-hop-kinh-kho-lon.html","/tin-tuc/hop-kinh-va-hop-kinh-kho-lon",301
"https://www.eurowindowhcm.com/tin-tuc//2022/06/eurowindow-phat-ong-cuoc-thi-nang-bac.html","/tin-tuc/eurowindow-phat-ong-cuoc-thi-nang-bac",301
"/tin-tuc//2022/06/eurowindow-phat-ong-cuoc-thi-nang-bac.html","/tin-tuc/eurowindow-phat-ong-cuoc-thi-nang-bac",301
"https://www.eurowindowhcm.com/tin-tuc//2022/01/kinh-an-toan-eurowindow.html","/tin-tuc/kinh-an-toan-eurowindow",301
"/tin-tuc//2022/01/kinh-an-toan-eurowindow.html","/tin-tuc/kinh-an-toan-eurowindow",301
"https://www.eurowindowhcm.com/tin-tuc//2022/11/eurowindow-tham-du-hoi-thao-kien-truc.html","/tin-tuc/eurowindow-tham-du-hoi-thao-kien-truc",301
"/tin-tuc//2022/11/eurowindow-tham-du-hoi-thao-kien-truc.html","/tin-tuc/eurowindow-tham-du-hoi-thao-kien-truc",301
"https://www.eurowindowhcm.com/tin-tuc//2022/06/cua-so-nhom-mo-quay-lat-eurowindow.html","/tin-tuc/cua-so-nhom-mo-quay-lat-eurowindow",301
"/tin-tuc//2022/06/cua-so-nhom-mo-quay-lat-eurowindow.html","/tin-tuc/cua-so-nhom-mo-quay-lat-eurowindow",301
"https://www.eurowindowhcm.com/tin-tuc//2019/11/eurowindow-khoi-ong-du-quan-tri-tong.html","/tin-tuc/eurowindow-khoi-ong-du-quan-tri-tong",301
"/tin-tuc//2019/11/eurowindow-khoi-ong-du-quan-tri-tong.html","/tin-tuc/eurowindow-khoi-ong-du-quan-tri-tong",301
"https://www.eurowindowhcm.com/tin-tuc//2024/12/eurowindow-tai-trien-lam-cong-nghiep.html","/tin-tuc/eurowindow-tai-trien-lam-cong-nghiep",301
"/tin-tuc//2024/12/eurowindow-tai-trien-lam-cong-nghiep.html","/tin-tuc/eurowindow-tai-trien-lam-cong-nghiep",301
"https://www.eurowindowhcm.com/tin-tuc//2022/03/dia-chi-eurowindow-tai-mien-nam.html","/tin-tuc/dia-chi-eurowindow-tai-mien-nam",301
"/tin-tuc//2022/03/dia-chi-eurowindow-tai-mien-nam.html","/tin-tuc/dia-chi-eurowindow-tai-mien-nam",301
"https://www.eurowindowhcm.com/tin-tuc//2023/12/eurowindow-tham-gia-trien-lam-cong.html","/tin-tuc/eurowindow-tham-gia-trien-lam-cong",301
"/tin-tuc//2023/12/eurowindow-tham-gia-trien-lam-cong.html","/tin-tuc/eurowindow-tham-gia-trien-lam-cong",301
"https://www.eurowindowhcm.com/tin-tuc//2022/01/cua-nhom-co-cau-cach-nhiet-eurowindow.html","/tin-tuc/cua-nhom-co-cau-cach-nhiet-eurowindow",301
"/tin-tuc//2022/01/cua-nhom-co-cau-cach-nhiet-eurowindow.html","/tin-tuc/cua-nhom-co-cau-cach-nhiet-eurowindow",301
"https://www.eurowindowhcm.com/tin-tuc//2025/06/eurowindow-khuyen-mai-au-tu-xung-tam-uu.html","/tin-tuc/eurowindow-khuyen-mai-dau-tu-xung-tam-uu",301
"/tin-tuc//2025/06/eurowindow-khuyen-mai-au-tu-xung-tam-uu.html","/tin-tuc/eurowindow-khuyen-mai-dau-tu-xung-tam-uu",301
"/tin-tuc/eurowindow-khuyen-mai-au-tu-xung-tam-uu","/tin-tuc/eurowindow-khuyen-mai-dau-tu-xung-tam-uu",301
"https://www.eurowindowhcm.com/tin-tuc//2022/03/yeu-to-tao-nen-ang-cap-cua-cua-nhom.html","/tin-tuc/yeu-to-tao-nen-dang-cap-cua-cua-nhom",301
"/tin-tuc//2022/03/yeu-to-tao-nen-ang-cap-cua-cua-nhom.html","/tin-tuc/yeu-to-tao-nen-dang-cap-cua-cua-nhom",301
"/tin-tuc/yeu-to-tao-nen-ang-cap-cua-cua-nhom","/tin-tuc/yeu-to-tao-nen-dang-cap-cua-cua-nhom",301
"https://www.eurowindowhcm.com/tin-tuc//2022/03/uu-iem-cua-cua-nhua-upvc.html","/tin-tuc/uu-iem-cua-cua-nhua-upvc",301
"/tin-tuc//2022/03/uu-iem-cua-cua-nhua-upvc.html","/tin-tuc/uu-iem-cua-cua-nhua-upvc",301
"https://www.eurowindowhcm.com/tin-tuc//2022/05/cua-nhom-eurowindow-ea55-sieu-uu-ai-10.html","/tin-tuc/cua-nhom-eurowindow-ea55-sieu-uu-ai-10",301
"/tin-tuc//2022/05/cua-nhom-eurowindow-ea55-sieu-uu-ai-10.html","/tin-tuc/cua-nhom-eurowindow-ea55-sieu-uu-ai-10",301
"https://www.eurowindowhcm.com/tin-tuc//2022/03/ieu-gi-bien-cua-nhom-eurowindow-thanh.html","/tin-tuc/ieu-gi-bien-cua-nhom-eurowindow-thanh",301
"/tin-tuc//2022/03/ieu-gi-bien-cua-nhom-eurowindow-thanh.html","/tin-tuc/ieu-gi-bien-cua-nhom-eurowindow-thanh",301
"https://www.eurowindowhcm.com/tin-tuc//2025/04/khuyen-mai-mua-cua-trung-xe-nghi-duong.html","/tin-tuc/khuyen-mai-mua-cua-trung-xe-nghi-duong",301
"/tin-tuc//2025/04/khuyen-mai-mua-cua-trung-xe-nghi-duong.html","/tin-tuc/khuyen-mai-mua-cua-trung-xe-nghi-duong",301
"https://www.eurowindowhcm.com/tin-tuc//2022/05/khu-trung-bay-san-pham-cua-eurowindow.html","/tin-tuc/khu-trung-bay-san-pham-cua-eurowindow",301
"/tin-tuc//2022/05/khu-trung-bay-san-pham-cua-eurowindow.html","/tin-tuc/khu-trung-bay-san-pham-cua-eurowindow",301
"https://www.eurowindowhcm.com/tin-tuc//2022/01/cua-nhom-uon-vom-eurowindow-su-lua-chon.html","/tin-tuc/cua-nhom-uon-vom-eurowindow-su-lua-chon",301
"/tin-tuc//2022/01/cua-nhom-uon-vom-eurowindow-su-lua-chon.html","/tin-tuc/cua-nhom-uon-vom-eurowindow-su-lua-chon",301
"https://www.eurowindowhcm.com/tin-tuc//2022/01/kinh-hoa-van.html","/tin-tuc/kinh-hoa-van",301
"/tin-tuc//2022/01/kinh-hoa-van.html","/tin-tuc/kinh-hoa-van",301
"https://www.eurowindowhcm.com/tin-tuc//2022/05/cach-nhan-biet-cua-eurowindow-chinh-hang.html","/tin-tuc/cach-nhan-biet-cua-eurowindow-chinh-hang",301
"/tin-tuc//2022/05/cach-nhan-biet-cua-eurowindow-chinh-hang.html","/tin-tuc/cach-nhan-biet-cua-eurowindow-chinh-hang",301
"https://www.eurowindowhcm.com/tin-tuc//2023/09/eurowindow-uu-dai-tung-bung-mung-cua-he-moi.html","/tin-tuc/eurowindow-uu-dai-tung-bung-mung-cua-he-moi",301
"/tin-tuc//2023/09/eurowindow-uu-dai-tung-bung-mung-cua-he-moi.html","/tin-tuc/eurowindow-uu-dai-tung-bung-mung-cua-he-moi",301
"https://www.eurowindowhcm.com/tin-tuc//2022/06/5-ly-do-cua-go-eurowindow-uoc-ua-chuong.html","/tin-tuc/5-ly-do-cua-go-eurowindow-duoc-ua-chuong",301
"/tin-tuc//2022/06/5-ly-do-cua-go-eurowindow-uoc-ua-chuong.html","/tin-tuc/5-ly-do-cua-go-eurowindow-duoc-ua-chuong",301
"/tin-tuc/5-ly-do-cua-go-eurowindow-uoc-ua-chuong","/tin-tuc/5-ly-do-cua-go-eurowindow-duoc-ua-chuong",301
"https://www.eurowindowhcm.com/tin-tuc//2022/06/khai-mac-cuoc-thi-nang-bac-cong-nhan.html","/tin-tuc/khai-mac-cuoc-thi-nang-bac-cong-nhan",301
"/tin-tuc//2022/06/khai-mac-cuoc-thi-nang-bac-cong-nhan.html","/tin-tuc/khai-mac-cuoc-thi-nang-bac-cong-nhan",301
"https://www.eurowindowhcm.com/tin-tuc//2022/06/khai-mac-vietbuild-hcm-2022.html","/tin-tuc/khai-mac-vietbuild-hcm-2022",301
"/tin-tuc//2022/06/khai-mac-vietbuild-hcm-2022.html","/tin-tuc/khai-mac-vietbuild-hcm-2022",301
"https://www.eurowindowhcm.com/tin-tuc//2025/02/3-bi-quyet-vang-tang-do-ben-cua-nhom.html","/tin-tuc/3-bi-quyet-vang-tang-do-ben-cua-nhom",301
"/tin-tuc//2025/02/3-bi-quyet-vang-tang-do-ben-cua-nhom.html","/tin-tuc/3-bi-quyet-vang-tang-do-ben-cua-nhom",301
"https://www.eurowindowhcm.com/tin-tuc//2023/03/vach-nhom-kinh-uon-vom-thong-tang.html","/tin-tuc/vach-nhom-kinh-uon-vom-thong-tang",301
"/tin-tuc//2023/03/vach-nhom-kinh-uon-vom-thong-tang.html","/tin-tuc/vach-nhom-kinh-uon-vom-thong-tang",301
"https://www.eurowindowhcm.com/tin-tuc//2022/05/eurowindow-tham-gia-trien-lam-bci_24.html","/tin-tuc/eurowindow-tham-gia-trien-lam-bci24",301
"/tin-tuc//2022/05/eurowindow-tham-gia-trien-lam-bci_24.html","/tin-tuc/eurowindow-tham-gia-trien-lam-bci24",301
"/tin-tuc/eurowindow-tham-gia-trien-lam-bci_24","/tin-tuc/eurowindow-tham-gia-trien-lam-bci24",301
"https://www.eurowindowhcm.com/tin-tuc//2023/05/eurowindow-xuat-khau-cua-nhom-sang-my.html","/tin-tuc/eurowindow-xuat-khau-cua-nhom-sang-my",301
"/tin-tuc//2023/05/eurowindow-xuat-khau-cua-nhom-sang-my.html","/tin-tuc/eurowindow-xuat-khau-cua-nhom-sang-my",301
"https://www.eurowindowhcm.com/tin-tuc//2022/10/bang-gia-cua-eurowindow-2022.html","/tin-tuc/bang-gia-cua-eurowindow-2022",301
"/tin-tuc//2022/10/bang-gia-cua-eurowindow-2022.html","/tin-tuc/bang-gia-cua-eurowindow-2022",301
"https://www.eurowindowhcm.com/tin-tuc//2022/01/cua-nhua-phu-hop-voi-nhung-vi-tri-nao.html","/tin-tuc/cua-nhua-phu-hop-voi-nhung-vi-tri-nao",301
"/tin-tuc//2022/01/cua-nhua-phu-hop-voi-nhung-vi-tri-nao.html","/tin-tuc/cua-nhua-phu-hop-voi-nhung-vi-tri-nao",301
"https://www.eurowindowhcm.com/tin-tuc//2022/04/eurowindow-dong-hanh-cung-giai-thuong-kien-truc.html.html","/tin-tuc/eurowindow-dong-hanh-cung-giai-thuong-kien-truc",301
"/tin-tuc//2022/04/eurowindow-dong-hanh-cung-giai-thuong-kien-truc.html.html","/tin-tuc/eurowindow-dong-hanh-cung-giai-thuong-kien-truc",301
"/tin-tuc/eurowindow-dong-hanh-cung-giai-thuong-kien-truc.html","/tin-tuc/eurowindow-dong-hanh-cung-giai-thuong-kien-truc",301
"https://www.eurowindowhcm.com/tin-tuc//2022/07/cua-thong-minh-nhan-dien-khuon-mat.html","/tin-tuc/cua-thong-minh-nhan-dien-khuon-mat",301
"/tin-tuc//2022/07/cua-thong-minh-nhan-dien-khuon-mat.html","/tin-tuc/cua-thong-minh-nhan-dien-khuon-mat",301
"https://www.eurowindowhcm.com/tin-tuc//2022/01/san-pham-eurowindow-trong-top-1-hang-viet-nam-duoc-yeu-thich.html","/tin-tuc/san-pham-eurowindow-trong-top-1-hang-viet-nam-duoc-yeu-thich",301
"/tin-tuc//2022/01/san-pham-eurowindow-trong-top-1-hang-viet-nam-duoc-yeu-thich.html","/tin-tuc/san-pham-eurowindow-trong-top-1-hang-viet-nam-duoc-yeu-thich",301
"https://www.eurowindowhcm.com/tin-tuc//2022/03/bi-quyet-chon-cua-cho-khong-gian-nha-nho.html","/tin-tuc/bi-quyet-chon-cua-cho-khong-gian-nha-nho",301
"/tin-tuc//2022/03/bi-quyet-chon-cua-cho-khong-gian-nha-nho.html","/tin-tuc/bi-quyet-chon-cua-cho-khong-gian-nha-nho",301
"https://www.eurowindowhcm.com/tin-tuc//2022/06/eurowindow-thi-cong-to-hop-thuong-mai.html","/tin-tuc/eurowindow-thi-cong-to-hop-thuong-mai",301
"/tin-tuc//2022/06/eurowindow-thi-cong-to-hop-thuong-mai.html","/tin-tuc/eurowindow-thi-cong-to-hop-thuong-mai",301
"https://www.eurowindowhcm.com/tin-tuc//2026/05/eurowindow-khuyen-mai-2026-don-ha-sang.html","/tin-tuc/eurowindow-khuyen-mai-2026-don-ha-sang",301
"/tin-tuc//2026/05/eurowindow-khuyen-mai-2026-don-ha-sang.html","/tin-tuc/eurowindow-khuyen-mai-2026-don-ha-sang",301
"https://www.eurowindowhcm.com/tin-tuc//2024/04/tranh-nong-voi-cua-nhom-eurowindow.html","/tin-tuc/tranh-nong-voi-cua-nhom-eurowindow",301
"/tin-tuc//2024/04/tranh-nong-voi-cua-nhom-eurowindow.html","/tin-tuc/tranh-nong-voi-cua-nhom-eurowindow",301
"https://www.eurowindowhcm.com/tin-tuc//2022/10/eurowindow-thi-cong-toa-nha-van-phong.html","/tin-tuc/eurowindow-thi-cong-toa-nha-van-phong",301
"/tin-tuc//2022/10/eurowindow-thi-cong-toa-nha-van-phong.html","/tin-tuc/eurowindow-thi-cong-toa-nha-van-phong",301
"https://www.eurowindowhcm.com/tin-tuc//2022/10/eurowindow-tham-gia-tuan-le-cong-trinh.html","/tin-tuc/eurowindow-tham-gia-tuan-le-cong-trinh",301
"/tin-tuc//2022/10/eurowindow-tham-gia-tuan-le-cong-trinh.html","/tin-tuc/eurowindow-tham-gia-tuan-le-cong-trinh",301
"https://www.eurowindowhcm.com/tin-tuc//2023/09/eurowindow-thi-cong-cong-trinh-xanh.html","/tin-tuc/eurowindow-thi-cong-cong-trinh-xanh",301
"/tin-tuc//2023/09/eurowindow-thi-cong-cong-trinh-xanh.html","/tin-tuc/eurowindow-thi-cong-cong-trinh-xanh",301
"https://www.eurowindowhcm.com/tin-tuc//2023/09/eurowindow-khai-truong-showroom-quy-nhon.html","/tin-tuc/eurowindow-khai-truong-showroom-quy-nhon",301
"/tin-tuc//2023/09/eurowindow-khai-truong-showroom-quy-nhon.html","/tin-tuc/eurowindow-khai-truong-showroom-quy-nhon",301
"https://www.eurowindowhcm.com/tin-tuc//2022/08/khai-mac-cuoc-thi-ban-tay-vang-khoi-san.html","/tin-tuc/khai-mac-cuoc-thi-ban-tay-vang-khoi-san",301
"/tin-tuc//2022/08/khai-mac-cuoc-thi-ban-tay-vang-khoi-san.html","/tin-tuc/khai-mac-cuoc-thi-ban-tay-vang-khoi-san",301
"https://www.eurowindowhcm.com/tin-tuc//2022/07/eurowindow-tham-du-trien-lam-tu-van-vat.html","/tin-tuc/eurowindow-tham-du-trien-lam-tu-van-vat",301
"/tin-tuc//2022/07/eurowindow-tham-du-trien-lam-tu-van-vat.html","/tin-tuc/eurowindow-tham-du-trien-lam-tu-van-vat",301
"https://www.eurowindowhcm.com/tin-tuc//2022/05/cua-nhua-upvc-kommerling-eurowindow-uu.html","/tin-tuc/cua-nhua-upvc-kommerling-eurowindow-uu",301
"/tin-tuc//2022/05/cua-nhua-upvc-kommerling-eurowindow-uu.html","/tin-tuc/cua-nhua-upvc-kommerling-eurowindow-uu",301
"https://www.eurowindowhcm.com/tin-tuc//2022/01/cua-nhom-xu-huong-moi-cho-kien-truc.html","/tin-tuc/cua-nhom-xu-huong-moi-cho-kien-truc",301
"/tin-tuc//2022/01/cua-nhom-xu-huong-moi-cho-kien-truc.html","/tin-tuc/cua-nhom-xu-huong-moi-cho-kien-truc",301
"https://www.eurowindowhcm.com/tin-tuc//2022/06/eurowindow-la-nha-tai-tro-chinh.html","/tin-tuc/eurowindow-la-nha-tai-tro-chinh",301
"/tin-tuc//2022/06/eurowindow-la-nha-tai-tro-chinh.html","/tin-tuc/eurowindow-la-nha-tai-tro-chinh",301
"https://www.eurowindowhcm.com/tin-tuc//2022/03/cua-nhua-upvc-cho-khong-gian-biet-thu.html","/tin-tuc/cua-nhua-upvc-cho-khong-gian-biet-thu",301
"/tin-tuc//2022/03/cua-nhua-upvc-cho-khong-gian-biet-thu.html","/tin-tuc/cua-nhua-upvc-cho-khong-gian-biet-thu",301
"https://www.eurowindowhcm.com/tin-tuc//2024/05/khong-gian-bep-hien-dai-voi-cua-so-eurowindow.html","/tin-tuc/khong-gian-bep-hien-dai-voi-cua-so-eurowindow",301
"/tin-tuc//2024/05/khong-gian-bep-hien-dai-voi-cua-so-eurowindow.html","/tin-tuc/khong-gian-bep-hien-dai-voi-cua-so-eurowindow",301
"https://www.eurowindowhcm.com/tin-tuc//2024/03/khuyen-mai-don-tan-gia-nhan-qua-nghi-duong.html","/tin-tuc/khuyen-mai-don-tan-gia-nhan-qua-nghi-duong",301
"/tin-tuc//2024/03/khuyen-mai-don-tan-gia-nhan-qua-nghi-duong.html","/tin-tuc/khuyen-mai-don-tan-gia-nhan-qua-nghi-duong",301
"https://www.eurowindowhcm.com/tin-tuc//2022/01/eurowindow-duoc-nguoi-tieu-dung-yeu-thich.html","/tin-tuc/eurowindow-duoc-nguoi-tieu-dung-yeu-thich",301
"/tin-tuc//2022/01/eurowindow-duoc-nguoi-tieu-dung-yeu-thich.html","/tin-tuc/eurowindow-duoc-nguoi-tieu-dung-yeu-thich",301
"https://www.eurowindowhcm.com/tin-tuc//2022/07/lua-chon-eurowindow-cua-ep-ben-sang.html","/tin-tuc/lua-chon-eurowindow-cua-ep-ben-sang",301
"/tin-tuc//2022/07/lua-chon-eurowindow-cua-ep-ben-sang.html","/tin-tuc/lua-chon-eurowindow-cua-ep-ben-sang",301
"https://www.eurowindowhcm.com/tin-tuc//2023/03/eurowindow-tu-hao-hang-viet-nam-chat-luong-cao-2023.html","/tin-tuc/eurowindow-tu-hao-hang-viet-nam-chat-luong-cao-2023",301
"/tin-tuc//2023/03/eurowindow-tu-hao-hang-viet-nam-chat-luong-cao-2023.html","/tin-tuc/eurowindow-tu-hao-hang-viet-nam-chat-luong-cao-2023",301
"https://www.eurowindowhcm.com/tin-tuc//2022/08/video-san-pham-cua-eurowindow.html","/tin-tuc/video-san-pham-cua-eurowindow",301
"/tin-tuc//2022/08/video-san-pham-cua-eurowindow.html","/tin-tuc/video-san-pham-cua-eurowindow",301
"https://www.eurowindowhcm.com/tin-tuc//2024/10/eurowindow-tai-trien-lam-noi-that-xay.html","/tin-tuc/eurowindow-tai-trien-lam-noi-that-xay",301
"/tin-tuc//2024/10/eurowindow-tai-trien-lam-noi-that-xay.html","/tin-tuc/eurowindow-tai-trien-lam-noi-that-xay",301
"https://www.eurowindowhcm.com/tin-tuc//2026/03/cua-nhom-thuong-vs-cua-nhom-co-cau-cach.html","/tin-tuc/cua-nhom-thuong-vs-cua-nhom-co-cau-cach",301
"/tin-tuc//2026/03/cua-nhom-thuong-vs-cua-nhom-co-cau-cach.html","/tin-tuc/cua-nhom-thuong-vs-cua-nhom-co-cau-cach",301
"https://www.eurowindowhcm.com/tin-tuc//2022/07/cua-vom-trong-nha-pho-thiet-ke-cham.html","/tin-tuc/cua-vom-trong-nha-pho-thiet-ke-cham",301
"/tin-tuc//2022/07/cua-vom-trong-nha-pho-thiet-ke-cham.html","/tin-tuc/cua-vom-trong-nha-pho-thiet-ke-cham",301
"https://www.eurowindowhcm.com/tin-tuc//2022/01/cua-so-nhom-mo-hat-ra-ngoai.html","/tin-tuc/cua-so-nhom-mo-hat-ra-ngoai",301
"/tin-tuc//2022/01/cua-so-nhom-mo-hat-ra-ngoai.html","/tin-tuc/cua-so-nhom-mo-hat-ra-ngoai",301
"https://www.eurowindowhcm.com/tin-tuc//2022/01/eurowindow-tiep-tuc-uoc-vinh-danh-top.html","/tin-tuc/eurowindow-tiep-tuc-duoc-vinh-danh-top",301
"/tin-tuc//2022/01/eurowindow-tiep-tuc-uoc-vinh-danh-top.html","/tin-tuc/eurowindow-tiep-tuc-duoc-vinh-danh-top",301
"/tin-tuc/eurowindow-tiep-tuc-uoc-vinh-danh-top","/tin-tuc/eurowindow-tiep-tuc-duoc-vinh-danh-top",301
"https://www.eurowindowhcm.com/tin-tuc//2022/05/cua-kinh-eurowindow-xu-nha.html","/tin-tuc/cua-kinh-eurowindow-xu-nha",301
"/tin-tuc//2022/05/cua-kinh-eurowindow-xu-nha.html","/tin-tuc/cua-kinh-eurowindow-xu-nha",301
"https://www.eurowindowhcm.com/tin-tuc//2022/01/cua-i-nhom-mo-truot.html","/tin-tuc/cua-di-nhom-mo-truot",301
"/tin-tuc//2022/01/cua-i-nhom-mo-truot.html","/tin-tuc/cua-di-nhom-mo-truot",301
"/tin-tuc/cua-i-nhom-mo-truot","/tin-tuc/cua-di-nhom-mo-truot",301