oldUrl,newUrl,action,urlQualityScore,seoValueScore,traffic,backlinks,reason,confidence
"https://www.eurowindowhcm.com/2026/07/kham-pha-quy-trinh-khat-khe-ang-sau-su.html","/tin-tuc/kham-pha-quy-trinh-khat-khe-ang-sau-su","KEEP",95,"UNVERIFIED","UNVERIFIED","UNVERIFIED","Clean, keyword-clear and high-quality URL","HIGH"
"https://www.eurowindowhcm.com/2026/03/eurowindow-trung-thau-nhom-kinh-fpt-tower.html","/tin-tuc/eurowindow-trung-thau-nhom-kinh-fpt-tower","KEEP",95,"UNVERIFIED","UNVERIFIED","UNVERIFIED","Clean, keyword-clear and high-quality URL","HIGH"
"https://www.eurowindowhcm.com/2025/08/6-cong-nghe-dot-pha-trong-nganh-cua.html","/tin-tuc/6-cong-nghe-dot-pha-trong-nganh-cua","KEEP",95,"UNVERIFIED","UNVERIFIED","UNVERIFIED","Clean, keyword-clear and high-quality URL","HIGH"
"https://www.eurowindowhcm.com/2025/04/chao-he-ruc-ro-cung-eurowindow-co-hoi.html","/tin-tuc/chao-he-ruc-ro-cung-eurowindow-co-hoi","KEEP",95,"UNVERIFIED","UNVERIFIED","UNVERIFIED","Clean, keyword-clear and high-quality URL","HIGH"
"https://www.eurowindowhcm.com/2025/02/-thiet-ke-cua-dan-au-xu-huong-2025.html","/tin-tuc/thiet-ke-cua-dan-dau-xu-huong-2025","IMPROVE",50,"UNVERIFIED","UNVERIFIED","UNVERIFIED","Fixed Vietnamese transliteration typo / missing diacritics; Removed malformed leading dash","HIGH"
"https://www.eurowindowhcm.com/2024/10/4-tien-ich-cua-cua-thong-minh-he-moi.html","/tin-tuc/4-tien-ich-cua-cua-thong-minh-he-moi","KEEP",95,"UNVERIFIED","UNVERIFIED","UNVERIFIED","Clean, keyword-clear and high-quality URL","HIGH"
"https://www.eurowindowhcm.com/2024/10/bat-trend-cua-nhom-len-ngoi-nam-2024.html","/tin-tuc/bat-trend-cua-nhom-len-ngoi-nam-2024","KEEP",95,"UNVERIFIED","UNVERIFIED","UNVERIFIED","Clean, keyword-clear and high-quality URL","HIGH"
"https://www.eurowindowhcm.com/2024/10/mau-cua-eurowindow-thong-minh-hot-nhat.html","/tin-tuc/mau-cua-eurowindow-thong-minh-hot-nhat","KEEP",95,"UNVERIFIED","UNVERIFIED","UNVERIFIED","Clean, keyword-clear and high-quality URL","HIGH"
"https://www.eurowindowhcm.com/2024/09/khuyen-mai-tri-khach-hang-ngan-qua-tang.html","/tin-tuc/khuyen-mai-tri-khach-hang-ngan-qua-tang","KEEP",95,"UNVERIFIED","UNVERIFIED","UNVERIFIED","Clean, keyword-clear and high-quality URL","HIGH"
"https://www.eurowindowhcm.com/2024/08/cua-gap-truot-doc-tu-dong-eurowindow.html","/tin-tuc/cua-gap-truot-doc-tu-dong-eurowindow","KEEP",95,"UNVERIFIED","UNVERIFIED","UNVERIFIED","Clean, keyword-clear and high-quality URL","HIGH"
"https://www.eurowindowhcm.com/2024/07/cua-nhom-eurowindow-son-anode-toan-mua.html","/tin-tuc/cua-nhom-eurowindow-son-anode-toan-mua","KEEP",95,"UNVERIFIED","UNVERIFIED","UNVERIFIED","Clean, keyword-clear and high-quality URL","HIGH"
"https://www.eurowindowhcm.com/2024/06/khuyen-mai-nhan-dip-vietbuild-ho-chi.html","/tin-tuc/khuyen-mai-nhan-dip-vietbuild-ho-chi","KEEP",95,"UNVERIFIED","UNVERIFIED","UNVERIFIED","Clean, keyword-clear and high-quality URL","HIGH"
"https://www.eurowindowhcm.com/2024/05/6-diem-cong-cua-rem-trong-hop-kinh.html","/tin-tuc/6-diem-cong-cua-rem-trong-hop-kinh","KEEP",95,"UNVERIFIED","UNVERIFIED","UNVERIFIED","Clean, keyword-clear and high-quality URL","HIGH"
"https://www.eurowindowhcm.com/2024/05/bao-ve-ngoi-nha-cua-ban-mua-mua-bao-voi.html","/tin-tuc/bao-ve-ngoi-nha-cua-ban-mua-mua-bao-voi","KEEP",95,"UNVERIFIED","UNVERIFIED","UNVERIFIED","Clean, keyword-clear and high-quality URL","HIGH"
"https://www.eurowindowhcm.com/2024/04/eurowindow-ky-ket-hop-tac-chien-luoc.html","/tin-tuc/eurowindow-ky-ket-hop-tac-chien-luoc","KEEP",95,"UNVERIFIED","UNVERIFIED","UNVERIFIED","Clean, keyword-clear and high-quality URL","HIGH"
"https://www.eurowindowhcm.com/2024/04/eurowindow-uoc-vinh-danh-top-5-cong-ty.html","/tin-tuc/eurowindow-duoc-vinh-danh-top-5-cong-ty","IMPROVE",65,"UNVERIFIED","UNVERIFIED","UNVERIFIED","Fixed Vietnamese transliteration typo / missing diacritics","HIGH"
"https://www.eurowindowhcm.com/2024/03/khuyen-mai-on-tan-gia-nhan-qua-nghi.html","/tin-tuc/khuyen-mai-don-tan-gia-nhan-qua-nghi","IMPROVE",65,"UNVERIFIED","UNVERIFIED","UNVERIFIED","Fixed Vietnamese transliteration typo / missing diacritics","HIGH"
"https://www.eurowindowhcm.com/2024/02/eurowindow-ky-hop-ong-khai-xuan-2024.html","/tin-tuc/eurowindow-ky-hop-dong-khai-xuan-2024","IMPROVE",65,"UNVERIFIED","UNVERIFIED","UNVERIFIED","Fixed Vietnamese transliteration typo / missing diacritics","HIGH"
"https://www.eurowindowhcm.com/2024/01/tai-sao-cua-thong-minh-he-moi.html","/tin-tuc/tai-sao-cua-thong-minh-he-moi","KEEP",95,"UNVERIFIED","UNVERIFIED","UNVERIFIED","Clean, keyword-clear and high-quality URL","HIGH"
"https://www.eurowindowhcm.com/2023/12/eurowindow-tham-du-trien-lam-tai.html","/tin-tuc/eurowindow-tham-du-trien-lam-tai","KEEP",95,"UNVERIFIED","UNVERIFIED","UNVERIFIED","Clean, keyword-clear and high-quality URL","HIGH"
"https://www.eurowindowhcm.com/2023/11/cong-trinh-eurowindow-tai-my.html","/tin-tuc/cong-trinh-eurowindow-tai-my","KEEP",95,"UNVERIFIED","UNVERIFIED","UNVERIFIED","Clean, keyword-clear and high-quality URL","HIGH"
"https://www.eurowindowhcm.com/2023/09/cua-go-chong-chay-eurowindow-la-chan.html","/tin-tuc/cua-go-chong-chay-eurowindow-la-chan","KEEP",95,"UNVERIFIED","UNVERIFIED","UNVERIFIED","Clean, keyword-clear and high-quality URL","HIGH"
"https://www.eurowindowhcm.com/2023/08/eurowindow-khuyen-mai-cua-go-2023.html","/tin-tuc/eurowindow-khuyen-mai-cua-go-2023","KEEP",95,"UNVERIFIED","UNVERIFIED","UNVERIFIED","Clean, keyword-clear and high-quality URL","HIGH"
"https://www.eurowindowhcm.com/2023/05/cong-thuc-lam-nen-do-ben-cua-nhom-ew.html","/tin-tuc/cong-thuc-lam-nen-do-ben-cua-nhom-ew","KEEP",95,"UNVERIFIED","UNVERIFIED","UNVERIFIED","Clean, keyword-clear and high-quality URL","HIGH"
"https://www.eurowindowhcm.com/2023/02/eurowindow-tham-gia-ngay-hoi-ket-noi.html","/tin-tuc/eurowindow-tham-gia-ngay-hoi-ket-noi","KEEP",95,"UNVERIFIED","UNVERIFIED","UNVERIFIED","Clean, keyword-clear and high-quality URL","HIGH"
"https://www.eurowindowhcm.com/2022/12/cong-trinh-eurowindow-tai-lam-dong.html","/tin-tuc/cong-trinh-eurowindow-tai-lam-dong","KEEP",95,"UNVERIFIED","UNVERIFIED","UNVERIFIED","Clean, keyword-clear and high-quality URL","HIGH"
"https://www.eurowindowhcm.com/2022/11/eurowindow-12-nam-lien-tiep-dat-thuong-hieu-quoc-gia.html","/tin-tuc/eurowindow-12-nam-lien-tiep-dat-thuong-hieu-quoc-gia","KEEP",95,"UNVERIFIED","UNVERIFIED","UNVERIFIED","Clean, keyword-clear and high-quality URL","HIGH"
"https://www.eurowindowhcm.com/2022/10/chuong-trinh-boc-tham-trung-thuong-ngan.html","/tin-tuc/chuong-trinh-boc-tham-trung-thuong-ngan","KEEP",95,"UNVERIFIED","UNVERIFIED","UNVERIFIED","Clean, keyword-clear and high-quality URL","HIGH"
"https://www.eurowindowhcm.com/2022/09/video-ve-san-pham-eurowindow.html","/tin-tuc/video-ve-san-pham-eurowindow","KEEP",95,"UNVERIFIED","UNVERIFIED","UNVERIFIED","Clean, keyword-clear and high-quality URL","HIGH"
"https://www.eurowindowhcm.com/2022/07/khuyen-mai-20-nam-thanh-lap-eurowindow.html","/tin-tuc/khuyen-mai-20-nam-thanh-lap-eurowindow","KEEP",95,"UNVERIFIED","UNVERIFIED","UNVERIFIED","Clean, keyword-clear and high-quality URL","HIGH"
"https://www.eurowindowhcm.com/2022/06/vat-lieu-kinh-cao-cap-trong-thiet-ke.html","/tin-tuc/vat-lieu-kinh-cao-cap-trong-thiet-ke","KEEP",95,"UNVERIFIED","UNVERIFIED","UNVERIFIED","Clean, keyword-clear and high-quality URL","HIGH"
"https://www.eurowindowhcm.com/2022/06/kham-pha-gian-hang-eurowindow-tai-trien.html","/tin-tuc/kham-pha-gian-hang-eurowindow-tai-trien","KEEP",95,"UNVERIFIED","UNVERIFIED","UNVERIFIED","Clean, keyword-clear and high-quality URL","HIGH"
"https://www.eurowindowhcm.com/2022/06/cua-nhom-eurowindow-cach-nhiet-hieu-qua.html","/tin-tuc/cua-nhom-eurowindow-cach-nhiet-hieu-qua","KEEP",95,"UNVERIFIED","UNVERIFIED","UNVERIFIED","Clean, keyword-clear and high-quality URL","HIGH"
"https://www.eurowindowhcm.com/2022/06/stelong-tham-nha-may-eurowindow-binh-duong.html.html","/tin-tuc/stelong-tham-nha-may-eurowindow-binh-duong","IMPROVE",85,"UNVERIFIED","UNVERIFIED","UNVERIFIED","Fixed Vietnamese transliteration typo / missing diacritics","HIGH"
"https://www.eurowindowhcm.com/2022/05/trien-lam-vietbuil-2022-tai-nang.html","/tin-tuc/trien-lam-vietbuil-2022-tai-nang","KEEP",95,"UNVERIFIED","UNVERIFIED","UNVERIFIED","Clean, keyword-clear and high-quality URL","HIGH"
"https://www.eurowindowhcm.com/2022/05/uu-dai-dac-biet-cua-mat-nha-sang-dang-tay.html","/tin-tuc/uu-dai-dac-biet-cua-mat-nha-sang-dang-tay","KEEP",95,"UNVERIFIED","UNVERIFIED","UNVERIFIED","Clean, keyword-clear and high-quality URL","HIGH"
"https://www.eurowindowhcm.com/2022/04/chuong-trinh-khuyen-mai-cua-go-2022.html","/tin-tuc/chuong-trinh-khuyen-mai-cua-go-2022","KEEP",95,"UNVERIFIED","UNVERIFIED","UNVERIFIED","Clean, keyword-clear and high-quality URL","HIGH"
"https://www.eurowindowhcm.com/2022/04/eurowindow-dan-au-top-5-cong-ty-vat.html","/tin-tuc/eurowindow-dan-dau-top-5-cong-ty-vat","IMPROVE",65,"UNVERIFIED","UNVERIFIED","UNVERIFIED","Fixed Vietnamese transliteration typo / missing diacritics","HIGH"
"https://www.eurowindowhcm.com/2022/04/bi-mat-ang-sau-kha-nang-cach-nhiet-vuot.html","/tin-tuc/bi-mat-ang-sau-kha-nang-cach-nhiet-vuot","KEEP",95,"UNVERIFIED","UNVERIFIED","UNVERIFIED","Clean, keyword-clear and high-quality URL","HIGH"
"https://www.eurowindowhcm.com/2022/04/cua-va-vach-nhom-kinh-5-iem-cong-sang.html","/tin-tuc/cua-va-vach-nhom-kinh-5-diem-cong-sang","IMPROVE",65,"UNVERIFIED","UNVERIFIED","UNVERIFIED","Fixed Vietnamese transliteration typo / missing diacritics","HIGH"
"https://www.eurowindowhcm.com/2022/01/cong-trinh-eurowindow-tai-quan-1.html","/tin-tuc/cong-trinh-eurowindow-tai-quan-1","KEEP",95,"UNVERIFIED","UNVERIFIED","UNVERIFIED","Clean, keyword-clear and high-quality URL","HIGH"
"https://www.eurowindowhcm.com/2022/01/cong-trinh-eurowindow-tai-go-vap.html","/tin-tuc/cong-trinh-eurowindow-tai-go-vap","KEEP",95,"UNVERIFIED","UNVERIFIED","UNVERIFIED","Clean, keyword-clear and high-quality URL","HIGH"
"https://www.eurowindowhcm.com/2022/01/eurowindow-showroom-thu-duc.html","/tin-tuc/eurowindow-showroom-thu-duc","KEEP",95,"UNVERIFIED","UNVERIFIED","UNVERIFIED","Clean, keyword-clear and high-quality URL","HIGH"
"https://www.eurowindowhcm.com/2022/01/cong-trinh-eurowindow-tai-hoc-mon.html","/tin-tuc/cong-trinh-eurowindow-tai-hoc-mon","KEEP",95,"UNVERIFIED","UNVERIFIED","UNVERIFIED","Clean, keyword-clear and high-quality URL","HIGH"
"https://www.eurowindowhcm.com/2022/01/cong-trinh-eurowindow-long-an.html","/tin-tuc/cong-trinh-eurowindow-long-an","KEEP",95,"UNVERIFIED","UNVERIFIED","UNVERIFIED","Clean, keyword-clear and high-quality URL","HIGH"
"https://www.eurowindowhcm.com/2021/09/eurowindow-khuyen-mai-thang-10.html","/tin-tuc/eurowindow-khuyen-mai-thang-10","KEEP",95,"UNVERIFIED","UNVERIFIED","UNVERIFIED","Clean, keyword-clear and high-quality URL","HIGH"
"https://www.eurowindowhcm.com/2021/06/eurowindow-mien-nam-khuyen-mai-len-den-15.html","/tin-tuc/eurowindow-mien-nam-khuyen-mai-len-den-15","KEEP",95,"UNVERIFIED","UNVERIFIED","UNVERIFIED","Clean, keyword-clear and high-quality URL","HIGH"
"https://www.eurowindowhcm.com/2021/04/diem-noi-bat-cua-cua-go-eurowindow.html.html","/tin-tuc/diem-noi-bat-cua-cua-go-eurowindow","IMPROVE",85,"UNVERIFIED","UNVERIFIED","UNVERIFIED","Fixed Vietnamese transliteration typo / missing diacritics","HIGH"
"https://www.eurowindowhcm.com/2021/03/cua-nhom-cau-cach-nhiet-eurowindow.html","/tin-tuc/cua-nhom-cau-cach-nhiet-eurowindow","KEEP",95,"UNVERIFIED","UNVERIFIED","UNVERIFIED","Clean, keyword-clear and high-quality URL","HIGH"
"https://www.eurowindowhcm.com/2021/03/tieu-chi-danh-gia-cua-nhom-chat-luong.html","/tin-tuc/tieu-chi-danh-gia-cua-nhom-chat-luong","KEEP",95,"UNVERIFIED","UNVERIFIED","UNVERIFIED","Clean, keyword-clear and high-quality URL","HIGH"
"https://www.eurowindowhcm.com/2021/01/eurowindow-su-lua-chon-tin-cay-cua-chu.html","/tin-tuc/eurowindow-su-lua-chon-tin-cay-cua-chu","KEEP",95,"UNVERIFIED","UNVERIFIED","UNVERIFIED","Clean, keyword-clear and high-quality URL","HIGH"
"https://www.eurowindowhcm.com/2020/12/cua-upvc-eurowindow.html","/tin-tuc/cua-upvc-eurowindow","KEEP",95,"UNVERIFIED","UNVERIFIED","UNVERIFIED","Clean, keyword-clear and high-quality URL","HIGH"
"https://www.eurowindowhcm.com/2020/12/cua-cach-am-eurowindow.html","/tin-tuc/cua-cach-am-eurowindow","KEEP",95,"UNVERIFIED","UNVERIFIED","UNVERIFIED","Clean, keyword-clear and high-quality URL","HIGH"
"https://www.eurowindowhcm.com/2020/12/cua-go-eurowindow.html","/tin-tuc/cua-go-eurowindow","KEEP",95,"UNVERIFIED","UNVERIFIED","UNVERIFIED","Clean, keyword-clear and high-quality URL","HIGH"
"https://www.eurowindowhcm.com/2020/11/eurowindow-tu-hao-5-lan-lien-tiep-at.html","/tin-tuc/eurowindow-tu-hao-5-lan-lien-tiep-at","KEEP",95,"UNVERIFIED","UNVERIFIED","UNVERIFIED","Clean, keyword-clear and high-quality URL","HIGH"
"https://www.eurowindowhcm.com/2020/11/iem-khac-biet-cua-cua-go-eurowindow-ma.html","/tin-tuc/iem-khac-biet-cua-cua-go-eurowindow-ma","KEEP",95,"UNVERIFIED","UNVERIFIED","UNVERIFIED","Clean, keyword-clear and high-quality URL","HIGH"
"https://www.eurowindowhcm.com/2020/11/noi-that-eurowindow-manh-ghep-uong-ai.html","/tin-tuc/noi-that-eurowindow-manh-ghep-uong-ai","KEEP",95,"UNVERIFIED","UNVERIFIED","UNVERIFIED","Clean, keyword-clear and high-quality URL","HIGH"
"https://www.eurowindowhcm.com/2020/09/cua-upvc-eurowindow-ang-cap-vuot-thoi.html","/tin-tuc/cua-upvc-eurowindow-dang-cap-vuot-thoi","IMPROVE",65,"UNVERIFIED","UNVERIFIED","UNVERIFIED","Fixed Vietnamese transliteration typo / missing diacritics","HIGH"
"https://www.eurowindowhcm.com/2020/09/eurowindow-hanh-trinh-moi-2020.html","/tin-tuc/eurowindow-hanh-trinh-moi-2020","KEEP",95,"UNVERIFIED","UNVERIFIED","UNVERIFIED","Clean, keyword-clear and high-quality URL","HIGH"
"https://www.eurowindowhcm.com/2020/09/cua-va-vach-nhom-kinh-eurowindow.html","/tin-tuc/cua-va-vach-nhom-kinh-eurowindow","KEEP",95,"UNVERIFIED","UNVERIFIED","UNVERIFIED","Clean, keyword-clear and high-quality URL","HIGH"
"https://www.eurowindowhcm.com/2020/08/cua-cuon-eurowindow-la-chan-thep.html","/tin-tuc/cua-cuon-eurowindow-la-chan-thep","KEEP",95,"UNVERIFIED","UNVERIFIED","UNVERIFIED","Clean, keyword-clear and high-quality URL","HIGH"
"https://www.eurowindowhcm.com/2020/08/mat-dung-nhom-kinh-eurowindow-152-ien.html","/tin-tuc/mat-dung-nhom-kinh-eurowindow-152-ien","KEEP",95,"UNVERIFIED","UNVERIFIED","UNVERIFIED","Clean, keyword-clear and high-quality URL","HIGH"
"https://www.eurowindowhcm.com/2020/08/xe-hop-go-cua-nhanh-tay-sam-noi-that.html","/tin-tuc/xe-hop-go-cua-nhanh-tay-sam-noi-that","KEEP",95,"UNVERIFIED","UNVERIFIED","UNVERIFIED","Clean, keyword-clear and high-quality URL","HIGH"
"https://www.eurowindowhcm.com/2020/07/cua-nhom-ea55-eurowindow-kien-tao-tuyet.html","/tin-tuc/cua-nhom-ea55-eurowindow-kien-tao-tuyet","KEEP",95,"UNVERIFIED","UNVERIFIED","UNVERIFIED","Clean, keyword-clear and high-quality URL","HIGH"
"https://www.eurowindowhcm.com/2020/06/Eurowindow-khuyen-mai-2020.html","/tin-tuc/eurowindow-khuyen-mai-2020","IMPROVE",100,"UNVERIFIED","UNVERIFIED","UNVERIFIED","","HIGH"
"https://www.eurowindowhcm.com/2020/06/cua-go-eurowindow-phu-song-viet-nam.html","/tin-tuc/cua-go-eurowindow-phu-song-viet-nam","KEEP",95,"UNVERIFIED","UNVERIFIED","UNVERIFIED","Clean, keyword-clear and high-quality URL","HIGH"
"https://www.eurowindowhcm.com/2020/06/noi-that-eurowindow-nang-tam-khong-gian.html","/tin-tuc/noi-that-eurowindow-nang-tam-khong-gian","KEEP",95,"UNVERIFIED","UNVERIFIED","UNVERIFIED","Clean, keyword-clear and high-quality URL","HIGH"
"https://www.eurowindowhcm.com/2020/06/giai-ma-suc-hut-tu-cua-upvc-kommerling.html","/tin-tuc/giai-ma-suc-hut-tu-cua-upvc-kommerling","KEEP",95,"UNVERIFIED","UNVERIFIED","UNVERIFIED","Clean, keyword-clear and high-quality URL","HIGH"
"https://www.eurowindowhcm.com/2020/05/eurowindow-kinh-nghiem-18-nam-thi-cong.html","/tin-tuc/eurowindow-kinh-nghiem-18-nam-thi-cong","KEEP",95,"UNVERIFIED","UNVERIFIED","UNVERIFIED","Clean, keyword-clear and high-quality URL","HIGH"
"https://www.eurowindowhcm.com/2020/05/eurowindow-da-nang.html","/tin-tuc/eurowindow-da-nang","KEEP",95,"UNVERIFIED","UNVERIFIED","UNVERIFIED","Clean, keyword-clear and high-quality URL","HIGH"
"https://www.eurowindowhcm.com/2020/05/cua-vom-nhom-kinh-eurowindow.html","/tin-tuc/cua-vom-nhom-kinh-eurowindow","KEEP",95,"UNVERIFIED","UNVERIFIED","UNVERIFIED","Clean, keyword-clear and high-quality URL","HIGH"
"https://www.eurowindowhcm.com/2020/04/cong-trinh-eurowindow-quan-2.html","/tin-tuc/cong-trinh-eurowindow-quan-2","KEEP",95,"UNVERIFIED","UNVERIFIED","UNVERIFIED","Clean, keyword-clear and high-quality URL","HIGH"
"https://www.eurowindowhcm.com/2020/03/cua-cuon-eurowindow-chinh-phuc-thi.html","/tin-tuc/cua-cuon-eurowindow-chinh-phuc-thi","KEEP",95,"UNVERIFIED","UNVERIFIED","UNVERIFIED","Clean, keyword-clear and high-quality URL","HIGH"
"https://www.eurowindowhcm.com/2020/03/cua-go-composite-eurowindow-dep-sang.html","/tin-tuc/cua-go-composite-eurowindow-dep-sang","KEEP",95,"UNVERIFIED","UNVERIFIED","UNVERIFIED","Clean, keyword-clear and high-quality URL","HIGH"
"https://www.eurowindowhcm.com/2020/03/cong-trinh-eurowindow-cu-chi.html","/tin-tuc/cong-trinh-eurowindow-cu-chi","KEEP",95,"UNVERIFIED","UNVERIFIED","UNVERIFIED","Clean, keyword-clear and high-quality URL","HIGH"
"https://www.eurowindowhcm.com/2020/03/cong-trinh-cua-eurowindow-quan-10.html","/tin-tuc/cong-trinh-cua-eurowindow-quan-10","KEEP",95,"UNVERIFIED","UNVERIFIED","UNVERIFIED","Clean, keyword-clear and high-quality URL","HIGH"
"https://www.eurowindowhcm.com/2020/02/cua-go-composite.html","/tin-tuc/cua-go-composite","KEEP",95,"UNVERIFIED","UNVERIFIED","UNVERIFIED","Clean, keyword-clear and high-quality URL","HIGH"
"https://www.eurowindowhcm.com/2020/02/cua-di-upvc-mo-truot.html","/tin-tuc/cua-di-upvc-mo-truot","KEEP",95,"UNVERIFIED","UNVERIFIED","UNVERIFIED","Clean, keyword-clear and high-quality URL","HIGH"
"https://www.eurowindowhcm.com/2020/02/cong-trinh-cua-eurowindow-vung-tau.html","/tin-tuc/cong-trinh-cua-eurowindow-vung-tau","KEEP",95,"UNVERIFIED","UNVERIFIED","UNVERIFIED","Clean, keyword-clear and high-quality URL","HIGH"
"https://www.eurowindowhcm.com/2020/02/cua-nhom-eurowindow-tai-quan-tan-binh.html","/tin-tuc/cua-nhom-eurowindow-tai-quan-tan-binh","KEEP",95,"UNVERIFIED","UNVERIFIED","UNVERIFIED","Clean, keyword-clear and high-quality URL","HIGH"
"https://www.eurowindowhcm.com/2020/01/vach-nhom-kinh-eurowindow-kien-tao-ve.html","/tin-tuc/vach-nhom-kinh-eurowindow-kien-tao-ve","KEEP",95,"UNVERIFIED","UNVERIFIED","UNVERIFIED","Clean, keyword-clear and high-quality URL","HIGH"
"https://www.eurowindowhcm.com/2019/12/euroindow-quan-9.html","/tin-tuc/euroindow-quan-9","KEEP",95,"UNVERIFIED","UNVERIFIED","UNVERIFIED","Clean, keyword-clear and high-quality URL","HIGH"
"https://www.eurowindowhcm.com/2019/12/eurowindow-chi-25-ty-nhap-khau-day.html","/tin-tuc/eurowindow-chi-25-ty-nhap-khau-day","KEEP",95,"UNVERIFIED","UNVERIFIED","UNVERIFIED","Clean, keyword-clear and high-quality URL","HIGH"
"https://www.eurowindowhcm.com/2019/12/eurowindow-gan-ket-e-thanh-cong.html","/tin-tuc/eurowindow-gan-ket-e-thanh-cong","KEEP",95,"UNVERIFIED","UNVERIFIED","UNVERIFIED","Clean, keyword-clear and high-quality URL","HIGH"
"https://www.eurowindowhcm.com/2019/12/eurowindow-at-top-10-cong-ty-vat-lieu.html","/tin-tuc/eurowindow-dat-top-10-cong-ty-vat-lieu","IMPROVE",65,"UNVERIFIED","UNVERIFIED","UNVERIFIED","Fixed Vietnamese transliteration typo / missing diacritics","HIGH"
"https://www.eurowindowhcm.com/2019/12/san-pham-eurowindow-lam-tang-gia-tri.html","/tin-tuc/san-pham-eurowindow-lam-tang-gia-tri","KEEP",95,"UNVERIFIED","UNVERIFIED","UNVERIFIED","Clean, keyword-clear and high-quality URL","HIGH"
"https://www.eurowindowhcm.com/2019/12/bi-quyet-chon-cua-cho-ngoi-nha.html","/tin-tuc/bi-quyet-chon-cua-cho-ngoi-nha","KEEP",95,"UNVERIFIED","UNVERIFIED","UNVERIFIED","Clean, keyword-clear and high-quality URL","HIGH"
"https://www.eurowindowhcm.com/2019/12/eurowindow-top-100-noi-lam-viec-tot.html","/tin-tuc/eurowindow-top-100-noi-lam-viec-tot","KEEP",95,"UNVERIFIED","UNVERIFIED","UNVERIFIED","Clean, keyword-clear and high-quality URL","HIGH"
"https://www.eurowindowhcm.com/2019/12/thanh-cong-cua-eurowindow-gia-tri-cua.html","/tin-tuc/thanh-cong-cua-eurowindow-gia-tri-cua","KEEP",95,"UNVERIFIED","UNVERIFIED","UNVERIFIED","Clean, keyword-clear and high-quality URL","HIGH"
"https://www.eurowindowhcm.com/2019/12/eurowindow-don-nhan-huan-chuong-lao-dong.html","/tin-tuc/eurowindow-don-nhan-huan-chuong-lao-dong","KEEP",95,"UNVERIFIED","UNVERIFIED","UNVERIFIED","Clean, keyword-clear and high-quality URL","HIGH"
"https://www.eurowindowhcm.com/2019/12/eurowindow-lan-thu-4-lien-tiep-dat-thqg.html","/tin-tuc/eurowindow-lan-thu-4-lien-tiep-dat-thqg","KEEP",95,"UNVERIFIED","UNVERIFIED","UNVERIFIED","Clean, keyword-clear and high-quality URL","HIGH"
"https://www.eurowindowhcm.com/2019/12/eurowindow-to-chuc-hoi-thao-kpis-toan.html","/tin-tuc/eurowindow-to-chuc-hoi-thao-kpis-toan","KEEP",95,"UNVERIFIED","UNVERIFIED","UNVERIFIED","Clean, keyword-clear and high-quality URL","HIGH"
"https://www.eurowindowhcm.com/2019/12/khach-hang-can-biet-khi-lua-chon-cua.html","/tin-tuc/khach-hang-can-biet-khi-lua-chon-cua","KEEP",95,"UNVERIFIED","UNVERIFIED","UNVERIFIED","Clean, keyword-clear and high-quality URL","HIGH"
"https://www.eurowindowhcm.com/2019/12/quy-inh-bao-hanh-2019.html","/tin-tuc/quy-inh-bao-hanh-2019","KEEP",95,"UNVERIFIED","UNVERIFIED","UNVERIFIED","Clean, keyword-clear and high-quality URL","HIGH"
"https://www.eurowindowhcm.com/2019/12/eurowindow-uoc-cap-giay-chung-nhan-toan.html","/tin-tuc/eurowindow-duoc-cap-giay-chung-nhan-toan","IMPROVE",100,"UNVERIFIED","UNVERIFIED","UNVERIFIED","","HIGH"
"https://www.eurowindowhcm.com/2019/12/eurowindow-tai-vietbuild-ho-chi-minh.html","/tin-tuc/eurowindow-tai-vietbuild-ho-chi-minh","KEEP",95,"UNVERIFIED","UNVERIFIED","UNVERIFIED","Clean, keyword-clear and high-quality URL","HIGH"
"https://www.eurowindowhcm.com/2019/12/eurowindow-moi-truong-tot-nhat-cho-su.html","/tin-tuc/eurowindow-moi-truong-tot-nhat-cho-su","KEEP",95,"UNVERIFIED","UNVERIFIED","UNVERIFIED","Clean, keyword-clear and high-quality URL","HIGH"
"https://www.eurowindowhcm.com/2019/12/eurowindow-gia-nhap-noi-that.html","/tin-tuc/eurowindow-gia-nhap-noi-that","KEEP",95,"UNVERIFIED","UNVERIFIED","UNVERIFIED","Clean, keyword-clear and high-quality URL","HIGH"
"https://www.eurowindowhcm.com/2019/12/cua-truot-tu-dong-2-canh.html","/tin-tuc/cua-truot-tu-dong-2-canh","KEEP",95,"UNVERIFIED","UNVERIFIED","UNVERIFIED","Clean, keyword-clear and high-quality URL","HIGH"
"https://www.eurowindowhcm.com/2019/12/tinh-uu-viet-cua-cua-chong-chay.html","/tin-tuc/tinh-uu-viet-cua-cua-chong-chay","KEEP",95,"UNVERIFIED","UNVERIFIED","UNVERIFIED","Clean, keyword-clear and high-quality URL","HIGH"
"https://www.eurowindowhcm.com/2019/12/chi-tiet-cau-thanh-cua-chong-chay.html","/tin-tuc/chi-tiet-cau-thanh-cua-chong-chay","KEEP",95,"UNVERIFIED","UNVERIFIED","UNVERIFIED","Clean, keyword-clear and high-quality URL","HIGH"
"https://www.eurowindowhcm.com/2019/12/cua-chong-chay.html","/tin-tuc/cua-chong-chay","KEEP",95,"UNVERIFIED","UNVERIFIED","UNVERIFIED","Clean, keyword-clear and high-quality URL","HIGH"
"https://www.eurowindowhcm.com/2019/12/mot-so-it-thanh-tich-at-uoc.html","/tin-tuc/mot-so-it-thanh-tich-at-uoc","KEEP",95,"UNVERIFIED","UNVERIFIED","UNVERIFIED","Clean, keyword-clear and high-quality URL","HIGH"
"https://www.eurowindowhcm.com/2019/12/cai-tao-khong-gian-nha-pho-hien-ai-voi.html","/tin-tuc/cai-tao-khong-gian-nha-pho-hien-ai-voi","KEEP",95,"UNVERIFIED","UNVERIFIED","UNVERIFIED","Clean, keyword-clear and high-quality URL","HIGH"
"https://www.eurowindowhcm.com/2019/11/cua-ep-nha-sang-khang-trang-on-tet.html","/tin-tuc/cua-ep-nha-sang-khang-trang-on-tet","KEEP",95,"UNVERIFIED","UNVERIFIED","UNVERIFIED","Clean, keyword-clear and high-quality URL","HIGH"
"https://www.eurowindowhcm.com/2019/11/cua-nhua-upvc-eurowindow-giai-phap-cho.html","/tin-tuc/cua-nhua-upvc-eurowindow-giai-phap-cho","KEEP",95,"UNVERIFIED","UNVERIFIED","UNVERIFIED","Clean, keyword-clear and high-quality URL","HIGH"
"https://www.eurowindowhcm.com/2019/11/eurowindow-tham-du-trien-lam-myanbuild.html","/tin-tuc/eurowindow-tham-du-trien-lam-myanbuild","KEEP",95,"UNVERIFIED","UNVERIFIED","UNVERIFIED","Clean, keyword-clear and high-quality URL","HIGH"
"https://www.eurowindowhcm.com/2019/11/tinh-uu-viet-cua-cua-go.html","/tin-tuc/tinh-uu-viet-cua-cua-go","KEEP",95,"UNVERIFIED","UNVERIFIED","UNVERIFIED","Clean, keyword-clear and high-quality URL","HIGH"
"https://www.eurowindowhcm.com/2019/11/san-go.html","/tin-tuc/san-go","KEEP",95,"UNVERIFIED","UNVERIFIED","UNVERIFIED","Clean, keyword-clear and high-quality URL","HIGH"
"https://www.eurowindowhcm.com/2019/11/cua-nhom-eurowindow-ea55.html","/tin-tuc/cua-nhom-eurowindow-ea55","KEEP",95,"UNVERIFIED","UNVERIFIED","UNVERIFIED","Clean, keyword-clear and high-quality URL","HIGH"
"https://www.eurowindowhcm.com/2019/11/he-thong-showroom.html","/tin-tuc/he-thong-showroom","KEEP",95,"UNVERIFIED","UNVERIFIED","UNVERIFIED","Clean, keyword-clear and high-quality URL","HIGH"
"https://www.eurowindowhcm.com/2019/11/co-hoi-phat-trien-su-nghiep-tai.html","/tin-tuc/co-hoi-phat-trien-su-nghiep-tai","KEEP",95,"UNVERIFIED","UNVERIFIED","UNVERIFIED","Clean, keyword-clear and high-quality URL","HIGH"
"https://www.eurowindowhcm.com/2019/11/bao-gia-cua-eurowindow.html","/tin-tuc/bao-gia-cua-eurowindow","KEEP",95,"UNVERIFIED","UNVERIFIED","UNVERIFIED","Clean, keyword-clear and high-quality URL","HIGH"
"https://www.eurowindowhcm.com/2019/11/mua-cua-eurowindow-o-au.html","/tin-tuc/mua-cua-eurowindow-o-au","KEEP",95,"UNVERIFIED","UNVERIFIED","UNVERIFIED","Clean, keyword-clear and high-quality URL","HIGH"
"https://www.eurowindowhcm.com/2019/11/vi-sao-nen-chon-cua-eurowindow-cho-cong.html","/tin-tuc/vi-sao-nen-chon-cua-eurowindow-cho-cong","KEEP",95,"UNVERIFIED","UNVERIFIED","UNVERIFIED","Clean, keyword-clear and high-quality URL","HIGH"
"https://www.eurowindowhcm.com/2019/11/cap-nhat-cong-trinh.html","/tin-tuc/cap-nhat-cong-trinh","KEEP",95,"UNVERIFIED","UNVERIFIED","UNVERIFIED","Clean, keyword-clear and high-quality URL","HIGH"
"https://www.eurowindowhcm.com/2019/11/video.html","/tin-tuc/video","KEEP",95,"UNVERIFIED","UNVERIFIED","UNVERIFIED","Clean, keyword-clear and high-quality URL","HIGH"
"https://www.eurowindowhcm.com/2019/10/tong-quan-ve-eurowindow.html","/tin-tuc/tong-quan-ve-eurowindow","KEEP",95,"UNVERIFIED","UNVERIFIED","UNVERIFIED","Clean, keyword-clear and high-quality URL","HIGH"
"https://www.eurowindowhcm.com/2019/10/gioi-thieu-ve-cong-ty-co-phan-eurowindow.html","/tin-tuc/gioi-thieu-ve-cong-ty-co-phan-eurowindow","KEEP",95,"UNVERIFIED","UNVERIFIED","UNVERIFIED","Clean, keyword-clear and high-quality URL","HIGH"
"https://www.eurowindowhcm.com/2019/10/catalogue-eurowindow.html","/tin-tuc/catalogue-eurowindow","KEEP",95,"UNVERIFIED","UNVERIFIED","UNVERIFIED","Clean, keyword-clear and high-quality URL","HIGH"
"https://www.eurowindowhcm.com/2019/10/eurowindow-khuyen-mai-cuoi-nam-2019.html","/tin-tuc/eurowindow-khuyen-mai-cuoi-nam-2019","KEEP",95,"UNVERIFIED","UNVERIFIED","UNVERIFIED","Clean, keyword-clear and high-quality URL","HIGH"
"https://www.eurowindowhcm.com/2019/06/lien-he.html","/tin-tuc/lien-he","KEEP",95,"UNVERIFIED","UNVERIFIED","UNVERIFIED","Clean, keyword-clear and high-quality URL","HIGH"
"https://www.eurowindowhcm.com/2019/06/nha-may.html","/tin-tuc/nha-may","KEEP",95,"UNVERIFIED","UNVERIFIED","UNVERIFIED","Clean, keyword-clear and high-quality URL","HIGH"
"https://www.eurowindowhcm.com/2019/06/tam-nhin-su-menh-gia-tri-cot-loi.html","/tin-tuc/tam-nhin-su-menh-gia-tri-cot-loi","KEEP",95,"UNVERIFIED","UNVERIFIED","UNVERIFIED","Clean, keyword-clear and high-quality URL","HIGH"
"https://www.eurowindowhcm.com/2019/06/mau-cua-eurowindow.html","/tin-tuc/mau-cua-eurowindow","KEEP",95,"UNVERIFIED","UNVERIFIED","UNVERIFIED","Clean, keyword-clear and high-quality URL","HIGH"
"https://www.eurowindowhcm.com/2019/06/eurowindow-bung-no-san-pham-moi.html","/tin-tuc/eurowindow-bung-no-san-pham-moi","KEEP",95,"UNVERIFIED","UNVERIFIED","UNVERIFIED","Clean, keyword-clear and high-quality URL","HIGH"
"https://www.eurowindowhcm.com/2019/06/cong-khai-ban-phu-kien-kin-long-gia.html","/tin-tuc/cong-khai-ban-phu-kien-kin-long-gia","KEEP",95,"UNVERIFIED","UNVERIFIED","UNVERIFIED","Clean, keyword-clear and high-quality URL","HIGH"
"https://www.eurowindowhcm.com/2019/05/kinh-cach-nhiet-toan-act.html","/tin-tuc/kinh-cach-nhiet-toan-act","KEEP",95,"UNVERIFIED","UNVERIFIED","UNVERIFIED","Clean, keyword-clear and high-quality URL","HIGH"
"https://www.eurowindowhcm.com/2019/05/uu-diem-cua-cua-cuon-eurowindow.html","/tin-tuc/uu-diem-cua-cua-cuon-eurowindow","KEEP",95,"UNVERIFIED","UNVERIFIED","UNVERIFIED","Clean, keyword-clear and high-quality URL","HIGH"
"https://www.eurowindowhcm.com/2019/05/cua-go-mdf-va-hdf.html","/tin-tuc/cua-go-mdf-va-hdf","KEEP",95,"UNVERIFIED","UNVERIFIED","UNVERIFIED","Clean, keyword-clear and high-quality URL","HIGH"
"https://www.eurowindowhcm.com/2019/05/cua-nhom-technal.html","/tin-tuc/cua-nhom-technal","KEEP",95,"UNVERIFIED","UNVERIFIED","UNVERIFIED","Clean, keyword-clear and high-quality URL","HIGH"
"https://www.eurowindowhcm.com/2019/05/cua-nhom-op-go.html","/tin-tuc/cua-nhom-op-go","KEEP",95,"UNVERIFIED","UNVERIFIED","UNVERIFIED","Clean, keyword-clear and high-quality URL","HIGH"
"https://www.eurowindowhcm.com/2019/05/tinh-uu-viet.html","/tin-tuc/tinh-uu-viet","KEEP",95,"UNVERIFIED","UNVERIFIED","UNVERIFIED","Clean, keyword-clear and high-quality URL","HIGH"
"https://www.eurowindowhcm.com/2019/05/kinh-hop.html","/tin-tuc/kinh-hop","KEEP",95,"UNVERIFIED","UNVERIFIED","UNVERIFIED","Clean, keyword-clear and high-quality URL","HIGH"
"https://www.eurowindowhcm.com/2019/05/kinh-cuong-luc-va-kinh-ban-cuong-luc.html","/tin-tuc/kinh-cuong-luc-va-kinh-ban-cuong-luc","KEEP",95,"UNVERIFIED","UNVERIFIED","UNVERIFIED","Clean, keyword-clear and high-quality URL","HIGH"
"https://www.eurowindowhcm.com/2019/05/gioi-thieu-san-pham-kinh.html","/tin-tuc/gioi-thieu-san-pham-kinh","KEEP",95,"UNVERIFIED","UNVERIFIED","UNVERIFIED","Clean, keyword-clear and high-quality URL","HIGH"
"https://www.eurowindowhcm.com/2019/05/cua-tu-dong.html","/tin-tuc/cua-tu-dong","KEEP",95,"UNVERIFIED","UNVERIFIED","UNVERIFIED","Clean, keyword-clear and high-quality URL","HIGH"
"https://www.eurowindowhcm.com/2019/05/cua-cuon.html","/tin-tuc/cua-cuon","KEEP",95,"UNVERIFIED","UNVERIFIED","UNVERIFIED","Clean, keyword-clear and high-quality URL","HIGH"
"https://www.eurowindowhcm.com/2019/05/gioi-thieu-cua-cuon-cua-tu-dong.html","/tin-tuc/gioi-thieu-cua-cuon-cua-tu-dong","KEEP",95,"UNVERIFIED","UNVERIFIED","UNVERIFIED","Clean, keyword-clear and high-quality URL","HIGH"
"https://www.eurowindowhcm.com/2019/05/cua-go-ghep-thanh.html","/tin-tuc/cua-go-ghep-thanh","KEEP",95,"UNVERIFIED","UNVERIFIED","UNVERIFIED","Clean, keyword-clear and high-quality URL","HIGH"
"https://www.eurowindowhcm.com/2019/05/cua-go-tu-nhien.html","/tin-tuc/cua-go-tu-nhien","KEEP",95,"UNVERIFIED","UNVERIFIED","UNVERIFIED","Clean, keyword-clear and high-quality URL","HIGH"
"https://www.eurowindowhcm.com/2019/05/gioi-thieu-ve-cua-go-eurowindow.html","/tin-tuc/gioi-thieu-ve-cua-go-eurowindow","KEEP",95,"UNVERIFIED","UNVERIFIED","UNVERIFIED","Clean, keyword-clear and high-quality URL","HIGH"
"https://www.eurowindowhcm.com/2019/05/he-vach-nhom-kinh-lon.html","/tin-tuc/he-vach-nhom-kinh-lon","KEEP",95,"UNVERIFIED","UNVERIFIED","UNVERIFIED","Clean, keyword-clear and high-quality URL","HIGH"
"https://www.eurowindowhcm.com/2019/05/cua-nhom-eurowindow.html","/tin-tuc/cua-nhom-eurowindow","KEEP",95,"UNVERIFIED","UNVERIFIED","UNVERIFIED","Clean, keyword-clear and high-quality URL","HIGH"
"https://www.eurowindowhcm.com/2019/05/gioi-thieu-ve-cua-nhom-eurowindow.html","/tin-tuc/gioi-thieu-ve-cua-nhom-eurowindow","KEEP",95,"UNVERIFIED","UNVERIFIED","UNVERIFIED","Clean, keyword-clear and high-quality URL","HIGH"
"https://www.eurowindowhcm.com/2019/05/cua-so-mo-quay-ra-ngoai.html","/tin-tuc/cua-so-mo-quay-ra-ngoai","KEEP",95,"UNVERIFIED","UNVERIFIED","UNVERIFIED","Clean, keyword-clear and high-quality URL","HIGH"
"https://www.eurowindowhcm.com/2019/05/cua-nhom-mo-truot.html","/tin-tuc/cua-nhom-mo-truot","KEEP",95,"UNVERIFIED","UNVERIFIED","UNVERIFIED","Clean, keyword-clear and high-quality URL","HIGH"
"https://www.eurowindowhcm.com/2019/05/cua-di-xep-truot.html","/tin-tuc/cua-di-xep-truot","KEEP",95,"UNVERIFIED","UNVERIFIED","UNVERIFIED","Clean, keyword-clear and high-quality URL","HIGH"
"https://www.eurowindowhcm.com/2019/05/cua-di-hai-canh-mo-quay.html","/tin-tuc/cua-di-hai-canh-mo-quay","KEEP",95,"UNVERIFIED","UNVERIFIED","UNVERIFIED","Clean, keyword-clear and high-quality URL","HIGH"
"https://www.eurowindowhcm.com/2019/05/gioi-thieu-ve-cua-nhua-upvc.html","/tin-tuc/gioi-thieu-ve-cua-nhua-upvc","KEEP",95,"UNVERIFIED","UNVERIFIED","UNVERIFIED","Clean, keyword-clear and high-quality URL","HIGH"
"https://www.eurowindowhcm.com/2019/05/cua-eurowindow.html","/tin-tuc/cua-eurowindow","KEEP",95,"UNVERIFIED","UNVERIFIED","UNVERIFIED","Clean, keyword-clear and high-quality URL","HIGH"
"https://www.eurowindowhcm.com/tin-tuc//2026/06/cua-i-nhom-kinh-eurowindow-tron-goi-bao_01650492833.html","/tin-tuc/cua-di-nhom-kinh-eurowindow-tron-goi-bao","IMPROVE",25,"UNVERIFIED","UNVERIFIED","UNVERIFIED","Fixed Vietnamese transliteration typo / missing diacritics; Removed random numeric hash suffix","HIGH"
"https://www.eurowindowhcm.com/tin-tuc//2026/06/vach-kinh-mat-dung-eurowindow-chinh.html","/tin-tuc/vach-kinh-mat-dung-eurowindow-chinh","IMPROVE",85,"UNVERIFIED","UNVERIFIED","UNVERIFIED","Fixed Vietnamese transliteration typo / missing diacritics","HIGH"
"https://www.eurowindowhcm.com/tin-tuc//2026/06/xu-huong-thiet-ke-cua-nhom-cau-cach.html","/tin-tuc/xu-huong-thiet-ke-cua-nhom-cau-cach","IMPROVE",85,"UNVERIFIED","UNVERIFIED","UNVERIFIED","Fixed Vietnamese transliteration typo / missing diacritics","HIGH"
"https://www.eurowindowhcm.com/tin-tuc//2020/11/eurowindow-tu-hao-5-lan-lien-tiep-at.html","/tin-tuc/eurowindow-tu-hao-5-lan-lien-tiep-at-2","IMPROVE",85,"UNVERIFIED","UNVERIFIED","UNVERIFIED","Fixed Vietnamese transliteration typo / missing diacritics","HIGH"
"https://www.eurowindowhcm.com/tin-tuc//2026/06/mat-dung-kinh-eurowindow-cao-cap-giai_0686516966.html","/tin-tuc/mat-dung-kinh-eurowindow-cao-cap-giai","IMPROVE",60,"UNVERIFIED","UNVERIFIED","UNVERIFIED","Fixed Vietnamese transliteration typo / missing diacritics; Removed random numeric hash suffix","HIGH"
"https://www.eurowindowhcm.com/tin-tuc//p/anh-du-an.html","/tin-tuc/anh-du-an","IMPROVE",85,"UNVERIFIED","UNVERIFIED","UNVERIFIED","Fixed Vietnamese transliteration typo / missing diacritics","HIGH"
"https://www.eurowindowhcm.com/tin-tuc//2026/06/cua-nhom-schuco-aws-75si-tieu-chuan.html","/tin-tuc/cua-nhom-schuco-aws-75si-tieu-chuan","IMPROVE",85,"UNVERIFIED","UNVERIFIED","UNVERIFIED","Fixed Vietnamese transliteration typo / missing diacritics","HIGH"
"https://www.eurowindowhcm.com/tin-tuc//2026/06/cua-so-upvc-eurowindow-chinh-hang-bang.html","/tin-tuc/cua-so-upvc-eurowindow-chinh-hang-bang","IMPROVE",85,"UNVERIFIED","UNVERIFIED","UNVERIFIED","Fixed Vietnamese transliteration typo / missing diacritics","HIGH"
"https://www.eurowindowhcm.com/tin-tuc//2026/06/mat-dung-kinh-technal-phap-tieu-chuan_01655512993.html","/tin-tuc/mat-dung-kinh-technal-phap-tieu-chuan","IMPROVE",60,"UNVERIFIED","UNVERIFIED","UNVERIFIED","Fixed Vietnamese transliteration typo / missing diacritics; Removed random numeric hash suffix","HIGH"
"https://www.eurowindowhcm.com/tin-tuc//2026/06/vach-kinh-eurowindow-chinh-hang-chiu-ap.html","/tin-tuc/vach-kinh-eurowindow-chinh-hang-chiu-ap","IMPROVE",85,"UNVERIFIED","UNVERIFIED","UNVERIFIED","Fixed Vietnamese transliteration typo / missing diacritics","HIGH"
"https://www.eurowindowhcm.com/tin-tuc//2026/06/cua-so-nhom-kinh-eurowindow-tron-goi_0978287397.html","/tin-tuc/cua-so-nhom-kinh-eurowindow-tron-goi","IMPROVE",60,"UNVERIFIED","UNVERIFIED","UNVERIFIED","Fixed Vietnamese transliteration typo / missing diacritics; Removed random numeric hash suffix","HIGH"
"https://www.eurowindowhcm.com/tin-tuc//2020/02/cong-trinh-cua-eurowindow-vung-tau.html","/tin-tuc/cong-trinh-cua-eurowindow-vung-tau-2","IMPROVE",85,"UNVERIFIED","UNVERIFIED","UNVERIFIED","Fixed Vietnamese transliteration typo / missing diacritics","HIGH"
"https://www.eurowindowhcm.com/tin-tuc//2026/06/cua-i-mo-quay-eurowindow-cao-cap-ang.html","/tin-tuc/cua-di-mo-quay-eurowindow-cao-cap-ang","IMPROVE",50,"UNVERIFIED","UNVERIFIED","UNVERIFIED","Fixed Vietnamese transliteration typo / missing diacritics","HIGH"
"https://www.eurowindowhcm.com/tin-tuc//p/banner-eurowindow.html","/tin-tuc/banner-eurowindow","IMPROVE",85,"UNVERIFIED","UNVERIFIED","UNVERIFIED","Fixed Vietnamese transliteration typo / missing diacritics","HIGH"
"https://www.eurowindowhcm.com/tin-tuc//2026/06/bao-gia-cua-nhom-eurowindow-chinh-hang_0775426205.html","/tin-tuc/bao-gia-cua-nhom-eurowindow-chinh-hang","IMPROVE",60,"UNVERIFIED","UNVERIFIED","UNVERIFIED","Fixed Vietnamese transliteration typo / missing diacritics; Removed random numeric hash suffix","HIGH"
"https://www.eurowindowhcm.com/tin-tuc//2026/06/he-cua-nhom-ea95-eurowindow-tron-goi_0764677688.html","/tin-tuc/he-cua-nhom-ea95-eurowindow-tron-goi","IMPROVE",60,"UNVERIFIED","UNVERIFIED","UNVERIFIED","Fixed Vietnamese transliteration typo / missing diacritics; Removed random numeric hash suffix","HIGH"
"https://www.eurowindowhcm.com/tin-tuc//2026/06/xu-huong-thiet-ke-cua-nhom-kinh_01063247694.html","/tin-tuc/xu-huong-thiet-ke-cua-nhom-kinh","IMPROVE",60,"UNVERIFIED","UNVERIFIED","UNVERIFIED","Fixed Vietnamese transliteration typo / missing diacritics; Removed random numeric hash suffix","HIGH"
"https://www.eurowindowhcm.com/tin-tuc//2026/06/cua-nhom-technal-nhap-khau-phap-ang-cap.html","/tin-tuc/cua-nhom-technal-nhap-khau-phap-dang-cap","IMPROVE",50,"UNVERIFIED","UNVERIFIED","UNVERIFIED","Fixed Vietnamese transliteration typo / missing diacritics","HIGH"
"https://www.eurowindowhcm.com/tin-tuc//2026/06/cua-i-mo-truot-eurowindow-cach-am-cach_0133019198.html","/tin-tuc/cua-di-mo-truot-eurowindow-cach-am-cach","IMPROVE",25,"UNVERIFIED","UNVERIFIED","UNVERIFIED","Fixed Vietnamese transliteration typo / missing diacritics; Removed random numeric hash suffix","HIGH"
"https://www.eurowindowhcm.com/tin-tuc//p/lien-he.html","/tin-tuc/lien-he-2","IMPROVE",85,"UNVERIFIED","UNVERIFIED","UNVERIFIED","Fixed Vietnamese transliteration typo / missing diacritics","HIGH"
"https://www.eurowindowhcm.com/tin-tuc//2026/06/cua-nhom-schuco-nhap-khau-uc-chinh-hang.html","/tin-tuc/cua-nhom-schuco-nhap-khau-uc-chinh-hang","IMPROVE",85,"UNVERIFIED","UNVERIFIED","UNVERIFIED","Fixed Vietnamese transliteration typo / missing diacritics","HIGH"
"https://www.eurowindowhcm.com/tin-tuc//p/hinh-anh-cua-eurowindow.html","/tin-tuc/hinh-anh-cua-eurowindow","IMPROVE",85,"UNVERIFIED","UNVERIFIED","UNVERIFIED","Fixed Vietnamese transliteration typo / missing diacritics","HIGH"
"https://www.eurowindowhcm.com/tin-tuc//p/anh-baner.html","/tin-tuc/anh-baner","IMPROVE",85,"UNVERIFIED","UNVERIFIED","UNVERIFIED","Fixed Vietnamese transliteration typo / missing diacritics","HIGH"
"https://www.eurowindowhcm.com/tin-tuc//2026/06/cua-i-truot-panorama-technal-tieu-chuan.html","/tin-tuc/cua-di-truot-panorama-technal-tieu-chuan","IMPROVE",50,"UNVERIFIED","UNVERIFIED","UNVERIFIED","Fixed Vietnamese transliteration typo / missing diacritics","HIGH"
"https://www.eurowindowhcm.com/tin-tuc//2026/06/bao-gia-cua-nhua-upvc-eurowindow-loi_02079241949.html","/tin-tuc/bao-gia-cua-nhua-upvc-eurowindow-loi","IMPROVE",60,"UNVERIFIED","UNVERIFIED","UNVERIFIED","Fixed Vietnamese transliteration typo / missing diacritics; Removed random numeric hash suffix","HIGH"
"https://www.eurowindowhcm.com/tin-tuc//2026/06/cua-nhua-upvc-eurowindow-giai-phap-cach.html","/tin-tuc/cua-nhua-upvc-eurowindow-giai-phap-cach","IMPROVE",85,"UNVERIFIED","UNVERIFIED","UNVERIFIED","Fixed Vietnamese transliteration typo / missing diacritics","HIGH"
"https://www.eurowindowhcm.com/tin-tuc//2022/01/cua-so-nhom-mo-truot.html","/tin-tuc/cua-so-nhom-mo-truot","IMPROVE",85,"UNVERIFIED","UNVERIFIED","UNVERIFIED","Fixed Vietnamese transliteration typo / missing diacritics","HIGH"
"https://www.eurowindowhcm.com/tin-tuc//2022/01/cong-trinh-eurowindow-tai-binh-phuoc.html","/tin-tuc/cong-trinh-eurowindow-tai-binh-phuoc","IMPROVE",85,"UNVERIFIED","UNVERIFIED","UNVERIFIED","Fixed Vietnamese transliteration typo / missing diacritics","HIGH"
"https://www.eurowindowhcm.com/tin-tuc//2022/01/cong-trinh-eurowindow-tai-thu-duc.html","/tin-tuc/cong-trinh-eurowindow-tai-thu-duc","IMPROVE",85,"UNVERIFIED","UNVERIFIED","UNVERIFIED","Fixed Vietnamese transliteration typo / missing diacritics","HIGH"
"https://www.eurowindowhcm.com/tin-tuc//2022/12/cua-nhom-eurowindow-cho-kien-truc-nha.html","/tin-tuc/cua-nhom-eurowindow-cho-kien-truc-nha","IMPROVE",85,"UNVERIFIED","UNVERIFIED","UNVERIFIED","Fixed Vietnamese transliteration typo / missing diacritics","HIGH"
"https://www.eurowindowhcm.com/tin-tuc//2026/07/sieu-pham-cua-nhom-eurowindow-he-moi.html","/tin-tuc/sieu-pham-cua-nhom-eurowindow-he-moi","IMPROVE",85,"UNVERIFIED","UNVERIFIED","UNVERIFIED","Fixed Vietnamese transliteration typo / missing diacritics","HIGH"
"https://www.eurowindowhcm.com/tin-tuc//2024/06/san-pham-eurowindow-noi-bat-tai.html","/tin-tuc/san-pham-eurowindow-noi-bat-tai","IMPROVE",85,"UNVERIFIED","UNVERIFIED","UNVERIFIED","Fixed Vietnamese transliteration typo / missing diacritics","HIGH"
"https://www.eurowindowhcm.com/tin-tuc//2022/07/eurowindow-khuyen-mai-20-nam-thanh-lap.html","/tin-tuc/eurowindow-khuyen-mai-20-nam-thanh-lap","IMPROVE",85,"UNVERIFIED","UNVERIFIED","UNVERIFIED","Fixed Vietnamese transliteration typo / missing diacritics","HIGH"
"https://www.eurowindowhcm.com/tin-tuc//2024/02/eurowindow-chi-nhanh-mien-nam-khai-xuan.html","/tin-tuc/eurowindow-chi-nhanh-mien-nam-khai-xuan","IMPROVE",85,"UNVERIFIED","UNVERIFIED","UNVERIFIED","Fixed Vietnamese transliteration typo / missing diacritics","HIGH"
"https://www.eurowindowhcm.com/tin-tuc//2022/06/eurowindow-va-stelong-ky-ket-hop-tac.html","/tin-tuc/eurowindow-va-stelong-ky-ket-hop-tac","IMPROVE",85,"UNVERIFIED","UNVERIFIED","UNVERIFIED","Fixed Vietnamese transliteration typo / missing diacritics","HIGH"
"https://www.eurowindowhcm.com/tin-tuc//2022/01/cua-i-nhom-mo-quay.html","/tin-tuc/cua-di-nhom-mo-quay","IMPROVE",50,"UNVERIFIED","UNVERIFIED","UNVERIFIED","Fixed Vietnamese transliteration typo / missing diacritics","HIGH"
"https://www.eurowindowhcm.com/tin-tuc//2022/12/eurowindow-chinh-phuc-kien-truc-mat.html","/tin-tuc/eurowindow-chinh-phuc-kien-truc-mat","IMPROVE",85,"UNVERIFIED","UNVERIFIED","UNVERIFIED","Fixed Vietnamese transliteration typo / missing diacritics","HIGH"
"https://www.eurowindowhcm.com/tin-tuc//p/anh-cua-ep.html","/tin-tuc/anh-cua-dep","IMPROVE",50,"UNVERIFIED","UNVERIFIED","UNVERIFIED","Fixed spelling error 'anh-cua-ep' -> 'anh-cua-dep'","HIGH"
"https://www.eurowindowhcm.com/tin-tuc//2022/01/kinh-an-toan-va-tiet-kiem-dien-nang.html","/tin-tuc/kinh-an-toan-va-tiet-kiem-dien-nang","IMPROVE",85,"UNVERIFIED","UNVERIFIED","UNVERIFIED","Fixed Vietnamese transliteration typo / missing diacritics","HIGH"
"https://www.eurowindowhcm.com/tin-tuc//2024/06/cua-go-eurowindow-uu-ai-ngap-tran.html","/tin-tuc/cua-go-eurowindow-uu-ai-ngap-tran","IMPROVE",85,"UNVERIFIED","UNVERIFIED","UNVERIFIED","Fixed Vietnamese transliteration typo / missing diacritics","HIGH"
"https://www.eurowindowhcm.com/tin-tuc//2022/12/eurowindow-ong-hanh-cung-giai-door.html","/tin-tuc/eurowindow-ong-hanh-cung-giai-door","IMPROVE",85,"UNVERIFIED","UNVERIFIED","UNVERIFIED","Fixed Vietnamese transliteration typo / missing diacritics","HIGH"
"https://www.eurowindowhcm.com/tin-tuc//2022/01/-san-pham-cua-nhom-eurowindow.html","/tin-tuc/san-pham-cua-nhom-eurowindow","IMPROVE",85,"UNVERIFIED","UNVERIFIED","UNVERIFIED","Fixed Vietnamese transliteration typo / missing diacritics","HIGH"
"https://www.eurowindowhcm.com/tin-tuc//2024/08/mai-kinh-ngoai-troi-skylight-eurowindow.html","/tin-tuc/mai-kinh-ngoai-troi-skylight-eurowindow","IMPROVE",85,"UNVERIFIED","UNVERIFIED","UNVERIFIED","Fixed Vietnamese transliteration typo / missing diacritics","HIGH"
"https://www.eurowindowhcm.com/tin-tuc//2022/11/le-trao-thuong-chuong-trinh-khuyen-mai.html","/tin-tuc/le-trao-thuong-chuong-trinh-khuyen-mai","IMPROVE",85,"UNVERIFIED","UNVERIFIED","UNVERIFIED","Fixed Vietnamese transliteration typo / missing diacritics","HIGH"
"https://www.eurowindowhcm.com/tin-tuc//2022/05/eurowindow-khuyen-mai-thang-5-2022.html","/tin-tuc/eurowindow-khuyen-mai-thang-5-2022","IMPROVE",85,"UNVERIFIED","UNVERIFIED","UNVERIFIED","Fixed Vietnamese transliteration typo / missing diacritics","HIGH"
"https://www.eurowindowhcm.com/tin-tuc//2022/07/kien-truc-da-lat-cung-cua-eurowindow.html","/tin-tuc/kien-truc-da-lat-cung-cua-eurowindow","IMPROVE",85,"UNVERIFIED","UNVERIFIED","UNVERIFIED","Fixed Vietnamese transliteration typo / missing diacritics","HIGH"
"https://www.eurowindowhcm.com/tin-tuc//2022/01/hop-kinh-va-hop-kinh-kho-lon.html","/tin-tuc/hop-kinh-va-hop-kinh-kho-lon","IMPROVE",85,"UNVERIFIED","UNVERIFIED","UNVERIFIED","Fixed Vietnamese transliteration typo / missing diacritics","HIGH"
"https://www.eurowindowhcm.com/tin-tuc//2022/06/eurowindow-phat-ong-cuoc-thi-nang-bac.html","/tin-tuc/eurowindow-phat-ong-cuoc-thi-nang-bac","IMPROVE",85,"UNVERIFIED","UNVERIFIED","UNVERIFIED","Fixed Vietnamese transliteration typo / missing diacritics","HIGH"
"https://www.eurowindowhcm.com/tin-tuc//2022/01/kinh-an-toan-eurowindow.html","/tin-tuc/kinh-an-toan-eurowindow","IMPROVE",85,"UNVERIFIED","UNVERIFIED","UNVERIFIED","Fixed Vietnamese transliteration typo / missing diacritics","HIGH"
"https://www.eurowindowhcm.com/tin-tuc//2022/11/eurowindow-tham-du-hoi-thao-kien-truc.html","/tin-tuc/eurowindow-tham-du-hoi-thao-kien-truc","IMPROVE",85,"UNVERIFIED","UNVERIFIED","UNVERIFIED","Fixed Vietnamese transliteration typo / missing diacritics","HIGH"
"https://www.eurowindowhcm.com/tin-tuc//2022/06/cua-so-nhom-mo-quay-lat-eurowindow.html","/tin-tuc/cua-so-nhom-mo-quay-lat-eurowindow","IMPROVE",85,"UNVERIFIED","UNVERIFIED","UNVERIFIED","Fixed Vietnamese transliteration typo / missing diacritics","HIGH"
"https://www.eurowindowhcm.com/tin-tuc//2019/11/eurowindow-khoi-ong-du-quan-tri-tong.html","/tin-tuc/eurowindow-khoi-ong-du-quan-tri-tong","IMPROVE",85,"UNVERIFIED","UNVERIFIED","UNVERIFIED","Fixed Vietnamese transliteration typo / missing diacritics","HIGH"
"https://www.eurowindowhcm.com/tin-tuc//2024/12/eurowindow-tai-trien-lam-cong-nghiep.html","/tin-tuc/eurowindow-tai-trien-lam-cong-nghiep","IMPROVE",85,"UNVERIFIED","UNVERIFIED","UNVERIFIED","Fixed Vietnamese transliteration typo / missing diacritics","HIGH"
"https://www.eurowindowhcm.com/tin-tuc//2022/03/dia-chi-eurowindow-tai-mien-nam.html","/tin-tuc/dia-chi-eurowindow-tai-mien-nam","IMPROVE",85,"UNVERIFIED","UNVERIFIED","UNVERIFIED","Fixed Vietnamese transliteration typo / missing diacritics","HIGH"
"https://www.eurowindowhcm.com/tin-tuc//2023/12/eurowindow-tham-gia-trien-lam-cong.html","/tin-tuc/eurowindow-tham-gia-trien-lam-cong","IMPROVE",85,"UNVERIFIED","UNVERIFIED","UNVERIFIED","Fixed Vietnamese transliteration typo / missing diacritics","HIGH"
"https://www.eurowindowhcm.com/tin-tuc//2022/01/cua-nhom-co-cau-cach-nhiet-eurowindow.html","/tin-tuc/cua-nhom-co-cau-cach-nhiet-eurowindow","IMPROVE",85,"UNVERIFIED","UNVERIFIED","UNVERIFIED","Fixed Vietnamese transliteration typo / missing diacritics","HIGH"
"https://www.eurowindowhcm.com/tin-tuc//2025/06/eurowindow-khuyen-mai-au-tu-xung-tam-uu.html","/tin-tuc/eurowindow-khuyen-mai-dau-tu-xung-tam-uu","IMPROVE",85,"UNVERIFIED","UNVERIFIED","UNVERIFIED","Fixed Vietnamese transliteration typo / missing diacritics","HIGH"
"https://www.eurowindowhcm.com/tin-tuc//2022/03/yeu-to-tao-nen-ang-cap-cua-cua-nhom.html","/tin-tuc/yeu-to-tao-nen-dang-cap-cua-cua-nhom","IMPROVE",50,"UNVERIFIED","UNVERIFIED","UNVERIFIED","Fixed Vietnamese transliteration typo / missing diacritics","HIGH"
"https://www.eurowindowhcm.com/tin-tuc//2022/03/uu-iem-cua-cua-nhua-upvc.html","/tin-tuc/uu-iem-cua-cua-nhua-upvc","IMPROVE",85,"UNVERIFIED","UNVERIFIED","UNVERIFIED","Fixed Vietnamese transliteration typo / missing diacritics","HIGH"
"https://www.eurowindowhcm.com/tin-tuc//2022/05/cua-nhom-eurowindow-ea55-sieu-uu-ai-10.html","/tin-tuc/cua-nhom-eurowindow-ea55-sieu-uu-ai-10","IMPROVE",85,"UNVERIFIED","UNVERIFIED","UNVERIFIED","Fixed Vietnamese transliteration typo / missing diacritics","HIGH"
"https://www.eurowindowhcm.com/tin-tuc//2022/03/ieu-gi-bien-cua-nhom-eurowindow-thanh.html","/tin-tuc/ieu-gi-bien-cua-nhom-eurowindow-thanh","IMPROVE",85,"UNVERIFIED","UNVERIFIED","UNVERIFIED","Fixed Vietnamese transliteration typo / missing diacritics","HIGH"
"https://www.eurowindowhcm.com/tin-tuc//2025/04/khuyen-mai-mua-cua-trung-xe-nghi-duong.html","/tin-tuc/khuyen-mai-mua-cua-trung-xe-nghi-duong","IMPROVE",85,"UNVERIFIED","UNVERIFIED","UNVERIFIED","Fixed Vietnamese transliteration typo / missing diacritics","HIGH"
"https://www.eurowindowhcm.com/tin-tuc//2022/05/khu-trung-bay-san-pham-cua-eurowindow.html","/tin-tuc/khu-trung-bay-san-pham-cua-eurowindow","IMPROVE",85,"UNVERIFIED","UNVERIFIED","UNVERIFIED","Fixed Vietnamese transliteration typo / missing diacritics","HIGH"
"https://www.eurowindowhcm.com/tin-tuc//2022/01/cua-nhom-uon-vom-eurowindow-su-lua-chon.html","/tin-tuc/cua-nhom-uon-vom-eurowindow-su-lua-chon","IMPROVE",85,"UNVERIFIED","UNVERIFIED","UNVERIFIED","Fixed Vietnamese transliteration typo / missing diacritics","HIGH"
"https://www.eurowindowhcm.com/tin-tuc//2022/01/kinh-hoa-van.html","/tin-tuc/kinh-hoa-van","IMPROVE",85,"UNVERIFIED","UNVERIFIED","UNVERIFIED","Fixed Vietnamese transliteration typo / missing diacritics","HIGH"
"https://www.eurowindowhcm.com/tin-tuc//2022/05/cach-nhan-biet-cua-eurowindow-chinh-hang.html","/tin-tuc/cach-nhan-biet-cua-eurowindow-chinh-hang","IMPROVE",85,"UNVERIFIED","UNVERIFIED","UNVERIFIED","Fixed Vietnamese transliteration typo / missing diacritics","HIGH"
"https://www.eurowindowhcm.com/tin-tuc//2023/09/eurowindow-uu-dai-tung-bung-mung-cua-he-moi.html","/tin-tuc/eurowindow-uu-dai-tung-bung-mung-cua-he-moi","IMPROVE",85,"UNVERIFIED","UNVERIFIED","UNVERIFIED","Fixed Vietnamese transliteration typo / missing diacritics","HIGH"
"https://www.eurowindowhcm.com/tin-tuc//2022/06/5-ly-do-cua-go-eurowindow-uoc-ua-chuong.html","/tin-tuc/5-ly-do-cua-go-eurowindow-duoc-ua-chuong","IMPROVE",85,"UNVERIFIED","UNVERIFIED","UNVERIFIED","Fixed Vietnamese transliteration typo / missing diacritics","HIGH"
"https://www.eurowindowhcm.com/tin-tuc//2022/06/khai-mac-cuoc-thi-nang-bac-cong-nhan.html","/tin-tuc/khai-mac-cuoc-thi-nang-bac-cong-nhan","IMPROVE",85,"UNVERIFIED","UNVERIFIED","UNVERIFIED","Fixed Vietnamese transliteration typo / missing diacritics","HIGH"
"https://www.eurowindowhcm.com/tin-tuc//2022/06/khai-mac-vietbuild-hcm-2022.html","/tin-tuc/khai-mac-vietbuild-hcm-2022","IMPROVE",85,"UNVERIFIED","UNVERIFIED","UNVERIFIED","Fixed Vietnamese transliteration typo / missing diacritics","HIGH"
"https://www.eurowindowhcm.com/tin-tuc//2025/02/3-bi-quyet-vang-tang-do-ben-cua-nhom.html","/tin-tuc/3-bi-quyet-vang-tang-do-ben-cua-nhom","IMPROVE",85,"UNVERIFIED","UNVERIFIED","UNVERIFIED","Fixed Vietnamese transliteration typo / missing diacritics","HIGH"
"https://www.eurowindowhcm.com/tin-tuc//2023/03/vach-nhom-kinh-uon-vom-thong-tang.html","/tin-tuc/vach-nhom-kinh-uon-vom-thong-tang","IMPROVE",85,"UNVERIFIED","UNVERIFIED","UNVERIFIED","Fixed Vietnamese transliteration typo / missing diacritics","HIGH"
"https://www.eurowindowhcm.com/tin-tuc//2022/05/eurowindow-tham-gia-trien-lam-bci_24.html","/tin-tuc/eurowindow-tham-gia-trien-lam-bci24","IMPROVE",85,"UNVERIFIED","UNVERIFIED","UNVERIFIED","Fixed Vietnamese transliteration typo / missing diacritics","HIGH"
"https://www.eurowindowhcm.com/tin-tuc//2023/05/eurowindow-xuat-khau-cua-nhom-sang-my.html","/tin-tuc/eurowindow-xuat-khau-cua-nhom-sang-my","IMPROVE",85,"UNVERIFIED","UNVERIFIED","UNVERIFIED","Fixed Vietnamese transliteration typo / missing diacritics","HIGH"
"https://www.eurowindowhcm.com/tin-tuc//2022/10/bang-gia-cua-eurowindow-2022.html","/tin-tuc/bang-gia-cua-eurowindow-2022","IMPROVE",85,"UNVERIFIED","UNVERIFIED","UNVERIFIED","Fixed Vietnamese transliteration typo / missing diacritics","HIGH"
"https://www.eurowindowhcm.com/tin-tuc//2022/01/cua-nhua-phu-hop-voi-nhung-vi-tri-nao.html","/tin-tuc/cua-nhua-phu-hop-voi-nhung-vi-tri-nao","IMPROVE",85,"UNVERIFIED","UNVERIFIED","UNVERIFIED","Fixed Vietnamese transliteration typo / missing diacritics","HIGH"
"https://www.eurowindowhcm.com/tin-tuc//2022/04/eurowindow-dong-hanh-cung-giai-thuong-kien-truc.html.html","/tin-tuc/eurowindow-dong-hanh-cung-giai-thuong-kien-truc","IMPROVE",85,"UNVERIFIED","UNVERIFIED","UNVERIFIED","Fixed Vietnamese transliteration typo / missing diacritics","HIGH"
"https://www.eurowindowhcm.com/tin-tuc//2022/07/cua-thong-minh-nhan-dien-khuon-mat.html","/tin-tuc/cua-thong-minh-nhan-dien-khuon-mat","IMPROVE",85,"UNVERIFIED","UNVERIFIED","UNVERIFIED","Fixed Vietnamese transliteration typo / missing diacritics","HIGH"
"https://www.eurowindowhcm.com/tin-tuc//2022/01/san-pham-eurowindow-trong-top-1-hang-viet-nam-duoc-yeu-thich.html","/tin-tuc/san-pham-eurowindow-trong-top-1-hang-viet-nam-duoc-yeu-thich","IMPROVE",85,"UNVERIFIED","UNVERIFIED","UNVERIFIED","Fixed Vietnamese transliteration typo / missing diacritics","HIGH"
"https://www.eurowindowhcm.com/tin-tuc//2022/03/bi-quyet-chon-cua-cho-khong-gian-nha-nho.html","/tin-tuc/bi-quyet-chon-cua-cho-khong-gian-nha-nho","IMPROVE",85,"UNVERIFIED","UNVERIFIED","UNVERIFIED","Fixed Vietnamese transliteration typo / missing diacritics","HIGH"
"https://www.eurowindowhcm.com/tin-tuc//2022/06/eurowindow-thi-cong-to-hop-thuong-mai.html","/tin-tuc/eurowindow-thi-cong-to-hop-thuong-mai","IMPROVE",85,"UNVERIFIED","UNVERIFIED","UNVERIFIED","Fixed Vietnamese transliteration typo / missing diacritics","HIGH"
"https://www.eurowindowhcm.com/tin-tuc//2026/05/eurowindow-khuyen-mai-2026-don-ha-sang.html","/tin-tuc/eurowindow-khuyen-mai-2026-don-ha-sang","IMPROVE",85,"UNVERIFIED","UNVERIFIED","UNVERIFIED","Fixed Vietnamese transliteration typo / missing diacritics","HIGH"
"https://www.eurowindowhcm.com/tin-tuc//2024/04/tranh-nong-voi-cua-nhom-eurowindow.html","/tin-tuc/tranh-nong-voi-cua-nhom-eurowindow","IMPROVE",85,"UNVERIFIED","UNVERIFIED","UNVERIFIED","Fixed Vietnamese transliteration typo / missing diacritics","HIGH"
"https://www.eurowindowhcm.com/tin-tuc//2022/10/eurowindow-thi-cong-toa-nha-van-phong.html","/tin-tuc/eurowindow-thi-cong-toa-nha-van-phong","IMPROVE",85,"UNVERIFIED","UNVERIFIED","UNVERIFIED","Fixed Vietnamese transliteration typo / missing diacritics","HIGH"
"https://www.eurowindowhcm.com/tin-tuc//2022/10/eurowindow-tham-gia-tuan-le-cong-trinh.html","/tin-tuc/eurowindow-tham-gia-tuan-le-cong-trinh","IMPROVE",85,"UNVERIFIED","UNVERIFIED","UNVERIFIED","Fixed Vietnamese transliteration typo / missing diacritics","HIGH"
"https://www.eurowindowhcm.com/tin-tuc//2023/09/eurowindow-thi-cong-cong-trinh-xanh.html","/tin-tuc/eurowindow-thi-cong-cong-trinh-xanh","IMPROVE",85,"UNVERIFIED","UNVERIFIED","UNVERIFIED","Fixed Vietnamese transliteration typo / missing diacritics","HIGH"
"https://www.eurowindowhcm.com/tin-tuc//2023/09/eurowindow-khai-truong-showroom-quy-nhon.html","/tin-tuc/eurowindow-khai-truong-showroom-quy-nhon","IMPROVE",85,"UNVERIFIED","UNVERIFIED","UNVERIFIED","Fixed Vietnamese transliteration typo / missing diacritics","HIGH"
"https://www.eurowindowhcm.com/tin-tuc//2022/08/khai-mac-cuoc-thi-ban-tay-vang-khoi-san.html","/tin-tuc/khai-mac-cuoc-thi-ban-tay-vang-khoi-san","IMPROVE",85,"UNVERIFIED","UNVERIFIED","UNVERIFIED","Fixed Vietnamese transliteration typo / missing diacritics","HIGH"
"https://www.eurowindowhcm.com/tin-tuc//2022/07/eurowindow-tham-du-trien-lam-tu-van-vat.html","/tin-tuc/eurowindow-tham-du-trien-lam-tu-van-vat","IMPROVE",85,"UNVERIFIED","UNVERIFIED","UNVERIFIED","Fixed Vietnamese transliteration typo / missing diacritics","HIGH"
"https://www.eurowindowhcm.com/tin-tuc//2022/05/cua-nhua-upvc-kommerling-eurowindow-uu.html","/tin-tuc/cua-nhua-upvc-kommerling-eurowindow-uu","IMPROVE",85,"UNVERIFIED","UNVERIFIED","UNVERIFIED","Fixed Vietnamese transliteration typo / missing diacritics","HIGH"
"https://www.eurowindowhcm.com/tin-tuc//2022/01/cua-nhom-xu-huong-moi-cho-kien-truc.html","/tin-tuc/cua-nhom-xu-huong-moi-cho-kien-truc","IMPROVE",85,"UNVERIFIED","UNVERIFIED","UNVERIFIED","Fixed Vietnamese transliteration typo / missing diacritics","HIGH"
"https://www.eurowindowhcm.com/tin-tuc//2022/06/eurowindow-la-nha-tai-tro-chinh.html","/tin-tuc/eurowindow-la-nha-tai-tro-chinh","IMPROVE",85,"UNVERIFIED","UNVERIFIED","UNVERIFIED","Fixed Vietnamese transliteration typo / missing diacritics","HIGH"
"https://www.eurowindowhcm.com/tin-tuc//2022/03/cua-nhua-upvc-cho-khong-gian-biet-thu.html","/tin-tuc/cua-nhua-upvc-cho-khong-gian-biet-thu","IMPROVE",85,"UNVERIFIED","UNVERIFIED","UNVERIFIED","Fixed Vietnamese transliteration typo / missing diacritics","HIGH"
"https://www.eurowindowhcm.com/tin-tuc//2024/05/khong-gian-bep-hien-dai-voi-cua-so-eurowindow.html","/tin-tuc/khong-gian-bep-hien-dai-voi-cua-so-eurowindow","IMPROVE",85,"UNVERIFIED","UNVERIFIED","UNVERIFIED","Fixed Vietnamese transliteration typo / missing diacritics","HIGH"
"https://www.eurowindowhcm.com/tin-tuc//2024/03/khuyen-mai-don-tan-gia-nhan-qua-nghi-duong.html","/tin-tuc/khuyen-mai-don-tan-gia-nhan-qua-nghi-duong","IMPROVE",85,"UNVERIFIED","UNVERIFIED","UNVERIFIED","Fixed Vietnamese transliteration typo / missing diacritics","HIGH"
"https://www.eurowindowhcm.com/tin-tuc//2022/01/eurowindow-duoc-nguoi-tieu-dung-yeu-thich.html","/tin-tuc/eurowindow-duoc-nguoi-tieu-dung-yeu-thich","IMPROVE",85,"UNVERIFIED","UNVERIFIED","UNVERIFIED","Fixed Vietnamese transliteration typo / missing diacritics","HIGH"
"https://www.eurowindowhcm.com/tin-tuc//2022/07/lua-chon-eurowindow-cua-ep-ben-sang.html","/tin-tuc/lua-chon-eurowindow-cua-ep-ben-sang","IMPROVE",85,"UNVERIFIED","UNVERIFIED","UNVERIFIED","Fixed Vietnamese transliteration typo / missing diacritics","HIGH"
"https://www.eurowindowhcm.com/tin-tuc//2023/03/eurowindow-tu-hao-hang-viet-nam-chat-luong-cao-2023.html","/tin-tuc/eurowindow-tu-hao-hang-viet-nam-chat-luong-cao-2023","IMPROVE",85,"UNVERIFIED","UNVERIFIED","UNVERIFIED","Fixed Vietnamese transliteration typo / missing diacritics","HIGH"
"https://www.eurowindowhcm.com/tin-tuc//2022/08/video-san-pham-cua-eurowindow.html","/tin-tuc/video-san-pham-cua-eurowindow","IMPROVE",85,"UNVERIFIED","UNVERIFIED","UNVERIFIED","Fixed Vietnamese transliteration typo / missing diacritics","HIGH"
"https://www.eurowindowhcm.com/tin-tuc//2024/10/eurowindow-tai-trien-lam-noi-that-xay.html","/tin-tuc/eurowindow-tai-trien-lam-noi-that-xay","IMPROVE",85,"UNVERIFIED","UNVERIFIED","UNVERIFIED","Fixed Vietnamese transliteration typo / missing diacritics","HIGH"
"https://www.eurowindowhcm.com/tin-tuc//2026/03/cua-nhom-thuong-vs-cua-nhom-co-cau-cach.html","/tin-tuc/cua-nhom-thuong-vs-cua-nhom-co-cau-cach","IMPROVE",85,"UNVERIFIED","UNVERIFIED","UNVERIFIED","Fixed Vietnamese transliteration typo / missing diacritics","HIGH"
"https://www.eurowindowhcm.com/tin-tuc//2022/07/cua-vom-trong-nha-pho-thiet-ke-cham.html","/tin-tuc/cua-vom-trong-nha-pho-thiet-ke-cham","IMPROVE",85,"UNVERIFIED","UNVERIFIED","UNVERIFIED","Fixed Vietnamese transliteration typo / missing diacritics","HIGH"
"https://www.eurowindowhcm.com/tin-tuc//2022/01/cua-so-nhom-mo-hat-ra-ngoai.html","/tin-tuc/cua-so-nhom-mo-hat-ra-ngoai","IMPROVE",85,"UNVERIFIED","UNVERIFIED","UNVERIFIED","Fixed Vietnamese transliteration typo / missing diacritics","HIGH"
"https://www.eurowindowhcm.com/tin-tuc//2022/01/eurowindow-tiep-tuc-uoc-vinh-danh-top.html","/tin-tuc/eurowindow-tiep-tuc-duoc-vinh-danh-top","IMPROVE",50,"UNVERIFIED","UNVERIFIED","UNVERIFIED","Fixed Vietnamese transliteration typo / missing diacritics","HIGH"
"https://www.eurowindowhcm.com/tin-tuc//2022/05/cua-kinh-eurowindow-xu-nha.html","/tin-tuc/cua-kinh-eurowindow-xu-nha","IMPROVE",85,"UNVERIFIED","UNVERIFIED","UNVERIFIED","Fixed Vietnamese transliteration typo / missing diacritics","HIGH"
"https://www.eurowindowhcm.com/tin-tuc//2022/01/cua-i-nhom-mo-truot.html","/tin-tuc/cua-di-nhom-mo-truot","IMPROVE",50,"UNVERIFIED","UNVERIFIED","UNVERIFIED","Fixed Vietnamese transliteration typo / missing diacritics","HIGH"